{"id":"k36bg9eno","name":"Andira do Brasil - Identification Key","description":"An identification key for 15 species of the genus Andira found in Brazil, based on key morphological features.","features":[{"id":"9pqdslbcz","name":"Leaflet Apex Shape","imageUrl":"","states":[{"id":"yb4xhmozh","label":"Acuminate to Acute"},{"id":"mj7563tov","label":"Emarginate to Retuse"},{"id":"nro8k2xun","label":"Rounded to Obtuse"}]},{"id":"mqeeerng9","name":"Lower Leaflet Surface Indumentum","imageUrl":"","states":[{"id":"6bqab38k1","label":"Glabrous or Subglabrous"},{"id":"07pi6ebpg","label":"Pubescent (hairy)"}]},{"id":"vdjpoiroo","name":"Number of Leaflets per Compound Leaf","imageUrl":"","states":[{"id":"7j0zyak8y","label":"5-9 Leaflets"},{"id":"6lcda9sx1","label":"10-15 Leaflets"}]},{"id":"vmemmy9cw","name":"Mature Fruit Surface Texture","imageUrl":"","states":[{"id":"1it29mccd","label":"Smooth"},{"id":"ozpqlzb37","label":"Rugose or Verrucose"}]}],"entities":[{"id":"om4bhdihm","name":"Andira fraxinifolia Benth.","description":"A medium to large tree, prominent in the Atlantic Forest, recognized by its often acuminate leaflets.","imageUrl":"https://picsum.photos/seed/Andira%20fraxinifolia%20Benth./400/300","traits":{"9pqdslbcz":["yb4xhmozh"],"mqeeerng9":["6bqab38k1"],"vdjpoiroo":["6lcda9sx1"],"vmemmy9cw":["1it29mccd"]}},{"id":"hsj55pl0h","name":"Andira inermis (W.Wright) Kunth ex DC.","description":"A widespread tree, known for its subglobose drupe and insecticidal properties. Leaflets typically acuminate to acute.","imageUrl":"https://picsum.photos/seed/Andira%20inermis%20(W.Wright)%20Kunth%20ex%20DC./400/300","traits":{"9pqdslbcz":["yb4xhmozh"],"mqeeerng9":["6bqab38k1"],"vdjpoiroo":["6lcda9sx1"],"vmemmy9cw":["1it29mccd"]}},{"id":"is1u2gug5","name":"Andira humilis Mart. ex Benth.","description":"A distinctive small shrub or subshrub, typically found in savannas (Cerrado), characterized by rounded leaflets and pubescent lower surfaces.","imageUrl":"https://picsum.photos/seed/Andira%20humilis%20Mart.%20ex%20Benth./400/300","traits":{"9pqdslbcz":["nro8k2xun"],"mqeeerng9":["07pi6ebpg"],"vdjpoiroo":["7j0zyak8y"],"vmemmy9cw":["1it29mccd"]}},{"id":"jass3i4a2","name":"Andira surinamensis (Bondt) Splitg. ex Amshoff","description":"A tree found in Amazonia and the Guiana Shield, easily identified by its distinctive large, rugose fruits.","imageUrl":"https://picsum.photos/seed/Andira%20surinamensis%20(Bondt)%20Splitg.%20ex%20Amshoff/400/300","traits":{"9pqdslbcz":["yb4xhmozh"],"mqeeerng9":["6bqab38k1"],"vdjpoiroo":["6lcda9sx1"],"vmemmy9cw":["ozpqlzb37"]}},{"id":"jfd8l9p30","name":"Andira legalis (Vell.) Toledo","description":"A medium-sized tree, often found in the Atlantic Forest, morphologically similar to A. fraxinifolia.","imageUrl":"https://picsum.photos/seed/Andira%20legalis%20(Vell.)%20Toledo/400/300","traits":{"9pqdslbcz":["yb4xhmozh"],"mqeeerng9":["6bqab38k1"],"vdjpoiroo":["6lcda9sx1"],"vmemmy9cw":["1it29mccd"]}},{"id":"29fvnqwfz","name":"Andira retusa (Poir.) DC.","description":"A tree named for its characteristic notched (retuse) leaflet apex, making it easily distinguishable.","imageUrl":"https://picsum.photos/seed/Andira%20retusa%20(Poir.)%20DC./400/300","traits":{"9pqdslbcz":["mj7563tov"],"mqeeerng9":["6bqab38k1"],"vdjpoiroo":["6lcda9sx1"],"vmemmy9cw":["1it29mccd"]}},{"id":"2cwy14r7a","name":"Andira anthelmia (Vell.) N.F.Mattos","description":"A tree from Amazonian forests, sometimes used in traditional medicine, with acute leaflets.","imageUrl":"https://picsum.photos/seed/Andira%20anthelmia%20(Vell.)%20N.F.Mattos/400/300","traits":{"9pqdslbcz":["yb4xhmozh"],"mqeeerng9":["6bqab38k1"],"vdjpoiroo":["7j0zyak8y"],"vmemmy9cw":["1it29mccd"]}},{"id":"hipw8jpb7","name":"Andira bahiensis N.F.Mattos","description":"Endemic to Bahia, Brazil, this medium-sized tree often has lustrous, acuminate leaves.","imageUrl":"https://picsum.photos/seed/Andira%20bahiensis%20N.F.Mattos/400/300","traits":{"9pqdslbcz":["yb4xhmozh"],"mqeeerng9":["6bqab38k1"],"vdjpoiroo":["7j0zyak8y"],"vmemmy9cw":["1it29mccd"]}},{"id":"uooxpb9yx","name":"Andira cordata N.F.Mattos","description":"A tree with distinctive cordate (heart-shaped) leaflet bases and hairy lower leaflet surfaces.","imageUrl":"https://picsum.photos/seed/Andira%20cordata%20N.F.Mattos/400/300","traits":{"9pqdslbcz":["yb4xhmozh"],"mqeeerng9":["07pi6ebpg"],"vdjpoiroo":["7j0zyak8y"],"vmemmy9cw":["1it29mccd"]}},{"id":"od84d5tnb","name":"Andira cujabensis N.F.Mattos","description":"A tree typically found in the Cerrado and Pantanal biomes, characterized by its acuminate leaflets.","imageUrl":"https://picsum.photos/seed/Andira%20cujabensis%20N.F.Mattos/400/300","traits":{"9pqdslbcz":["yb4xhmozh"],"mqeeerng9":["6bqab38k1"],"vdjpoiroo":["6lcda9sx1"],"vmemmy9cw":["1it29mccd"]}},{"id":"1jn8oyhwc","name":"Andira felippei N.F.Mattos","description":"A tree often encountered in humid forests, featuring glabrous and acuminate leaflets.","imageUrl":"https://picsum.photos/seed/Andira%20felippei%20N.F.Mattos/400/300","traits":{"9pqdslbcz":["yb4xhmozh"],"mqeeerng9":["6bqab38k1"],"vdjpoiroo":["6lcda9sx1"],"vmemmy9cw":["1it29mccd"]}},{"id":"s1mlodtap","name":"Andira grandiflora N.F.Mattos","description":"A large tree with notably large flowers, predominantly found in Amazonia.","imageUrl":"https://picsum.photos/seed/Andira%20grandiflora%20N.F.Mattos/400/300","traits":{"9pqdslbcz":["yb4xhmozh"],"mqeeerng9":["6bqab38k1"],"vdjpoiroo":["6lcda9sx1"],"vmemmy9cw":["1it29mccd"]}},{"id":"d1u2a96ug","name":"Andira laurifolia Benth.","description":"A tree characterized by its relatively thick, laurel-like leaflets, found across various Brazilian biomes.","imageUrl":"https://picsum.photos/seed/Andira%20laurifolia%20Benth./400/300","traits":{"9pqdslbcz":["yb4xhmozh"],"mqeeerng9":["6bqab38k1"],"vdjpoiroo":["7j0zyak8y"],"vmemmy9cw":["1it29mccd"]}},{"id":"qjkzmt7e6","name":"Andira parviflora Ducke","description":"A small tree or shrub, distinguished by its relatively small, often obtuse leaflets.","imageUrl":"https://picsum.photos/seed/Andira%20parviflora%20Ducke/400/300","traits":{"9pqdslbcz":["nro8k2xun"],"mqeeerng9":["6bqab38k1"],"vdjpoiroo":["7j0zyak8y"],"vmemmy9cw":["1it29mccd"]}},{"id":"vs0eu2va0","name":"Andira pisonis Mart. ex Benth.","description":"A medium-sized tree found in various Brazilian biomes, bearing acuminate leaflets.","imageUrl":"https://picsum.photos/seed/Andira%20pisonis%20Mart.%20ex%20Benth./400/300","traits":{"9pqdslbcz":["yb4xhmozh"],"mqeeerng9":["6bqab38k1"],"vdjpoiroo":["7j0zyak8y"],"vmemmy9cw":["1it29mccd"]}}]}