{"id":"7i5mn075u","name":"Chave de identificação baseada em caracteres vegetativos de espécies do cerrado sensu lato (s.l.) do município de Itirapina, Estado de São Paulo, Brasil","description":"Estudo em Itirapina, SP (2005), analisou 800 indivíduos lenhosos. Criadas chaves de identificação de 65 espécies arbustivo-arbóreas (32 famílias) com caracteres vegetativos. Chaves válidas para flora local na época de amostragem.","features":[{"id":"ley8pbfvx","name":"Folhas","imageUrl":"","states":[{"id":"t4lxz7koh","label":"Simples"},{"id":"pjgvshff1","label":"Compostas"},{"id":"vduzh8k9h","label":"Sésseis"},{"id":"eo0yfm5la","label":"Pecioladas"},{"id":"pna36opel","label":"Dispostas paralelamente"},{"id":"v4yscmp0t","label":"Inseridas em ponto equidistantes"},{"id":"arkgr0xir","label":"Pinadas"},{"id":"pnnokfvus","label":"Bipinadas"}]},{"id":"prz7b8q5r","name":"Filotaxia","imageUrl":"","states":[{"id":"7pbdlremh","label":"Alternas"},{"id":"bqfcu5pwp","label":"Dísticas"},{"id":"1g4k2yu1w","label":"Espiraladas"},{"id":"uvral9cfc","label":"Opostas ou Verticiladas"},{"id":"80nsq4u8p","label":"Verticiladas"},{"id":"5d5kw6fl0","label":"Opostas"},{"id":"kg8ti1s7m","label":"Opostas Dísticas (por torção do ramo ou pecíolo)"},{"id":"6d6gbgcys","label":"Opostas Cruzadas"},{"id":"r793p6n9y","label":"Subopostas"}]},{"id":"4zak8n97e","name":"Estípulas","imageUrl":"","states":[{"id":"ixndgqa49","label":"Presentes"},{"id":"49u2t8spx","label":"Ausentes"},{"id":"8pobu5wgf","label":"Caducas"},{"id":"2z8reiudu","label":"Persistentes"},{"id":"bogu0lefs","label":"Persistentes Interpeciolares"},{"id":"s4ecynaqn","label":"Laterais"},{"id":"ga5xslu9v","label":"Axilares"}]},{"id":"5tx3kg6lc","name":"Tricoma no limbo","imageUrl":"","states":[{"id":"zkxiaxx39","label":"Presente"},{"id":"nmc9no5bv","label":"Ausente"},{"id":"5k9ou4yn8","label":"Em ambas as faces"},{"id":"usf42uyyd","label":"Apenas na face abaxial"},{"id":"9iwcdfyhx","label":"Ferrugíneos"},{"id":"bv58xj0ls","label":"Esbranquiçados"},{"id":"xzm9z7w9d","label":"Dispostos"}]},{"id":"879oq7hnl","name":"Domáceas","imageUrl":"","states":[{"id":"eqbiie9uc","label":"Presentes"},{"id":"w2ginboxk","label":"Ausentes"},{"id":"pvhmmq054","label":"Saculiformes na face abaxial"},{"id":"808h7ekjq","label":"Lineares compridas na base da nervura principal"}]},{"id":"pfml8u3c0","name":"Forma do limbo (básicas)","imageUrl":"","states":[{"id":"2gn2ai4c2","label":"Elíptica a Oboval"},{"id":"8jitfnmp7","label":"Lanceolada"}]},{"id":"l65871xdt","name":"Ápice do limbo","imageUrl":"","states":[{"id":"ttt6bfu7z","label":"Arredondado a Obtuso"},{"id":"mtta1kazp","label":"Agudo"},{"id":"xr11qwqjs","label":"Arredondado"},{"id":"ady11051k","label":"Obtuso"},{"id":"rzzypwv72","label":"Acuminado"}]},{"id":"2zpdcu5jw","name":"Nervação limbo tipo","imageUrl":"","states":[{"id":"9w2fznbwt","label":"Craspedódroma"},{"id":"hk8u0azb5","label":"Broquidódroma"},{"id":"h6e9z7vfw","label":"Acródroma"},{"id":"egiuqm7uo","label":"Não acródroma"}]},{"id":"75p4iqeqf","name":"Estrutura secretora externa no limbo","imageUrl":"","states":[{"id":"0583wk72e","label":"Presente"},{"id":"0p5wtqvi6","label":"Ausente"},{"id":"40uhy3fv4","label":"Próxima à nervura primária"}]},{"id":"9nh4sd441","name":"Disposição estrutura secretora externa no limbo","imageUrl":"","states":[{"id":"s67y10b49","label":"Basal"},{"id":"rjb230f5i","label":"Apical"},{"id":"saxbcebc5","label":"Ao lado da nervura principal"}]},{"id":"pyhzq28eo","name":"Limbo tamanho","imageUrl":"","states":[{"id":"tiom2vu9z","label":"5-11X2-5cm"},{"id":"3m46okvc7","label":"8-19X3-6cm"},{"id":"i4ewwq8q8","label":"2,5-9X1-3,5cm"},{"id":"2fgmya66n","label":"8-19X2,5-6,8cm"},{"id":"16uj5hpxo","label":">3,5X2,4cm"},{"id":"e7iqefko2","label":"<2X2cm"},{"id":"gfjnhzc61","label":"Folíolo até 1,3cm"},{"id":"pxmfu3vpy","label":"Folíolo até 4,0cm"}]},{"id":"b8kho82al","name":"Base do limbo","imageUrl":"","states":[{"id":"691pqajge","label":"Cuneada"},{"id":"lf9ps7tc0","label":"Estreita e Aguda"},{"id":"7brx2gk1m","label":"Cordada"},{"id":"fpf9ulbzx","label":"Cuneada ou Aguda"}]},{"id":"tolpppwvj","name":"Látex no limbo","imageUrl":"","states":[{"id":"1rawgw0xw","label":"Presente"},{"id":"kxgh7jayk","label":"Ausente"}]},{"id":"gfus46nvv","name":"Coloração do látex limbo","imageUrl":"","states":[{"id":"ib0ls34pg","label":"Amarelada"},{"id":"dm3iwntji","label":"Esbranquiçada"}]},{"id":"eqw54ndew","name":"Presença do tricoma no limbo","imageUrl":"","states":[{"id":"0svo83pse","label":"Na face abaxial"},{"id":"b8qa8dd0w","label":"Glabras a pubescentes na face abaxial"},{"id":"fptppn7h0","label":"Pilosas na face abaxial"},{"id":"8e7xzhw8d","label":"Em ambas as faces"}]},{"id":"dk3xbnc91","name":"Coloração indumento abaxial limbo","imageUrl":"","states":[{"id":"ci6y3zj4m","label":"Cera"},{"id":"mubhrbd5q","label":"Ferrugínea"},{"id":"kobhvi7oj","label":"Incana"},{"id":"rdlrvkn4t","label":"Esverdeada"},{"id":"lt8558xgs","label":"Lanuginoso"},{"id":"8n4fuu2rz","label":"Hirsuto"}]},{"id":"pjq8lxkm8","name":"Tricoma ramos","imageUrl":"","states":[{"id":"3admd0wff","label":"Castanho avermelhados"},{"id":"f62cyfrvo","label":"Ferrugíneos opacos (ramos novos)"}]},{"id":"22c3cj1tr","name":"Gema apical","imageUrl":"","states":[{"id":"t8ktptev4","label":"Tricomas"}]},{"id":"xo5whnsf8","name":"Estrutura secretora interna no limbo","imageUrl":"","states":[{"id":"z5qyjv860","label":"Presente"},{"id":"tw7loh5o5","label":"Ausente"}]},{"id":"0nna74rjo","name":"Aparência estrutura secretora","imageUrl":"","states":[{"id":"qe6gl6hcv","label":"Opacas"}]},{"id":"dwipspg8t","name":"Epiderme","imageUrl":"","states":[{"id":"ad5nkffcr","label":"Não visível"},{"id":"fqnh57y7x","label":"Visível (pelo menos em uma face)"},{"id":"llezpz4c1","label":"Esverdeada na face adaxial"}]},{"id":"a27nzusue","name":"Nervação acródroma","imageUrl":"","states":[{"id":"jjsqff0ny","label":"Suprabasal"},{"id":"he76vkpuf","label":"Basal"}]},{"id":"4jikz9g7r","name":"Face adaxial do limbo","imageUrl":"","states":[{"id":"6jm7wekm9","label":"Velutina"},{"id":"8vadjuwa5","label":"Não velutina"}]},{"id":"crf5t2pez","name":"Face abaxial do limbo","imageUrl":"","states":[{"id":"u85bilk4j","label":"Ferrugínea"},{"id":"f26ii2ltr","label":"Esbranquiçada"}]},{"id":"uicf5sszf","name":"Estrutura secretora externa no pecíolo","imageUrl":"","states":[{"id":"0cx482axq","label":"Presente"},{"id":"uwjx1vhl5","label":"Ausente"}]},{"id":"gh3bh2sza","name":"Estrutura secretora externa","imageUrl":"","states":[{"id":"whpqv39fm","label":"Adnada ao pecíolo"}]},{"id":"isq70dfvi","name":"Córtex tipo","imageUrl":"","states":[{"id":"242johtno","label":"Fissurado longitudinalmente"},{"id":"6g3a6nw5n","label":"Não fissurado longitudinalmente"},{"id":"a177nmch0","label":"Largo e profundamente sulcado"},{"id":"pds19qnt2","label":"Liso"},{"id":"tczb1oplq","label":"Rugoso"}]},{"id":"6y2n7fnvq","name":"Nervura primária","imageUrl":"","states":[{"id":"w3bqdkobn","label":"Proeminente em ambas as faces"},{"id":"rp39aex45","label":"Proeminente na face abaxial e impressa na adaxial"},{"id":"f1ew9a6hx","label":"Proeminente em uma ou nenhuma face"}]},{"id":"c5iw4ww6y","name":"Textura limbo","imageUrl":"","states":[{"id":"eohwl3gcx","label":"Carnosa"},{"id":"20fz4pkdc","label":"Não carnoso"},{"id":"xbe53f1mt","label":"Coriácea"},{"id":"gao3gqaim","label":"Cartácea"},{"id":"hikybfdnb","label":"Membranacea"}]},{"id":"to79sk93e","name":"Superfície limbo ao tato","imageUrl":"","states":[{"id":"0ggqlolzd","label":"Lisa"},{"id":"0jh2firsu","label":"Rugosa"},{"id":"yeznuwnfc","label":"Serícea"}]},{"id":"e5c20w9q2","name":"Nervura secundária","imageUrl":"","states":[{"id":"e7kikftj4","label":"Proeminente em ambas as faces"},{"id":"5e5i8a2c4","label":"Impressa em ambas as faces"}]},{"id":"qgyqrxasu","name":"Porte","imageUrl":"","states":[{"id":"iephbg37z","label":"Palmeira"}]},{"id":"fk94efvjq","name":"Palmeira","imageUrl":"","states":[{"id":"3bm0u4e0f","label":"Sem caule aéreo"},{"id":"xegcrzuow","label":"Com caule aéreo"}]},{"id":"9jr7tmpst","name":"Folhas compostas disposição dos folíolos","imageUrl":"","states":[{"id":"3n4ztz2z3","label":"Digitadas"},{"id":"s9vgceon5","label":"Pinadas"}]},{"id":"blfz05dzt","name":"Pinas","imageUrl":"","states":[{"id":"p6xeppbim","label":"Dispostas em vários planos"}]},{"id":"ubofs41f3","name":"Estipelas (folhas compostas)","imageUrl":"","states":[{"id":"euf2l2d4n","label":"Presentes"},{"id":"1iq5c4100","label":"Ausentes"}]},{"id":"n18ev4w1k","name":"Folíolos","imageUrl":"","states":[{"id":"oq8k3a33o","label":"Subopostos"},{"id":"mqv63femi","label":"Opostos"}]},{"id":"0161x2g4l","name":"Estrutura secretora externa (folíolos)","imageUrl":"","states":[{"id":"czuiv4ksp","label":"Presente"},{"id":"w9ikkctii","label":"Ausente"}]},{"id":"6raij82n8","name":"Indumento adaxial do limbo","imageUrl":"","states":[{"id":"qrpkke73g","label":"Coloração incana"},{"id":"stk0odp3k","label":"Coloração ferrugínea"},{"id":"pzhplcx0o","label":"Coloração esbranquiçada"},{"id":"39449lv0n","label":"Coloração esverdeada"},{"id":"oaiqbamyd","label":"Velutino"},{"id":"p78kcbhfh","label":"Pubérulo"},{"id":"2w0yv8ja4","label":"Pubescente"},{"id":"87kj60ai8","label":"Hirsuto"},{"id":"yv5l9kb74","label":"Glauca"}]},{"id":"6c7m5pqyj","name":"Pecíolo - tricoma, indumento","imageUrl":"","states":[{"id":"1vjtpj7z9","label":"Pubescente"},{"id":"afvwiyneg","label":"Velutino"},{"id":"ywqlk681h","label":"Tomentoso"}]},{"id":"o03kp4b7p","name":"Córtex espessura","imageUrl":"","states":[{"id":"hk68p9qlq","label":"Fino (<2mm)"},{"id":"n7nx05s1a","label":"Suberoso (>10mm)"},{"id":"4lvjgkoq8","label":"Suberoso"}]},{"id":"oul1hbodl","name":"Margem do limbo","imageUrl":"","states":[{"id":"y26f0l6ez","label":"Inteira"},{"id":"pro2e38rc","label":"Serreada"},{"id":"72h1gpipg","label":"Serrilhada"},{"id":"kmkfg7yf3","label":"Plana"},{"id":"rv9is3ify","label":"Revoluta"},{"id":"1nqmlii7t","label":"Ondulada"}]},{"id":"0r77ikzwx","name":"Tipo ornamentação da casca","imageUrl":"","states":[{"id":"300ap7rh0","label":"Cicatrizes foliares"},{"id":"qv1n3etwa","label":"Saliências transversais"},{"id":"gzb2bvg25","label":"Lenticelas"},{"id":"deprpve3l","label":"Anéis transversais"}]},{"id":"9i1aubcvr","name":"Exsudato caule","imageUrl":"","states":[{"id":"es7xuqtng","label":"Presente"}]},{"id":"mm4xjzn6k","name":"Indumento","imageUrl":"","states":[{"id":"0fbjcpfm5","label":"Presente"},{"id":"nnbrtgg6f","label":"Ausente"}]}],"entities":[{"id":"ix35ef6hl","name":"Ouratea spectabilis","description":"Folhas simples, alternas; estípulas presentes, caducas; nervação craspedódroma; limbo seríceo.","imageUrl":"https://picsum.photos/seed/Ouratea%20spectabilis/400/300","traits":{"ley8pbfvx":["t4lxz7koh"],"prz7b8q5r":["7pbdlremh","bqfcu5pwp","1g4k2yu1w"],"4zak8n97e":["ixndgqa49","8pobu5wgf"],"2zpdcu5jw":["9w2fznbwt"],"to79sk93e":["yeznuwnfc"]}},{"id":"7ivorvrro","name":"Licania humilis","description":"Folhas simples, alternas; estípulas presentes, caducas; nervação broquidódroma; córtex suberoso (>10mm).","imageUrl":"https://picsum.photos/seed/Licania%20humilis/400/300","traits":{"ley8pbfvx":["t4lxz7koh"],"prz7b8q5r":["7pbdlremh","bqfcu5pwp","1g4k2yu1w"],"4zak8n97e":["ixndgqa49","8pobu5wgf"],"2zpdcu5jw":["hk8u0azb5"],"o03kp4b7p":["n7nx05s1a"]}},{"id":"y65w0lhww","name":"Couepia grandiflora","description":"Folhas simples, alternas; estípulas persistentes; glândula secretora externa na base da lâmina.","imageUrl":"https://picsum.photos/seed/Couepia%20grandiflora/400/300","traits":{"ley8pbfvx":["t4lxz7koh"],"prz7b8q5r":["7pbdlremh","bqfcu5pwp","1g4k2yu1w"],"4zak8n97e":["ixndgqa49","2z8reiudu"],"75p4iqeqf":["0583wk72e"],"9nh4sd441":["s67y10b49"]}},{"id":"3aaggymwc","name":"Erythroxylum suberosum","description":"Folhas simples, alternas; estípulas persistentes; glândula secretora externa ausente; limbo pequeno, base cuneada.","imageUrl":"https://picsum.photos/seed/Erythroxylum%20suberosum/400/300","traits":{"ley8pbfvx":["t4lxz7koh"],"prz7b8q5r":["7pbdlremh","bqfcu5pwp","1g4k2yu1w"],"4zak8n97e":["ixndgqa49","2z8reiudu"],"75p4iqeqf":["0p5wtqvi6"],"pyhzq28eo":["tiom2vu9z"],"b8kho82al":["691pqajge"]}},{"id":"50xef70bd","name":"Erythroxylum tortuosum","description":"Folhas simples, alternas; estípulas persistentes; glândula secretora externa ausente; limbo maior, base estreita e aguda.","imageUrl":"https://picsum.photos/seed/Erythroxylum%20tortuosum/400/300","traits":{"ley8pbfvx":["t4lxz7koh"],"prz7b8q5r":["7pbdlremh","bqfcu5pwp","1g4k2yu1w"],"4zak8n97e":["ixndgqa49","2z8reiudu"],"75p4iqeqf":["0p5wtqvi6"],"pyhzq28eo":["3m46okvc7"],"b8kho82al":["lf9ps7tc0"]}},{"id":"shz7wesfv","name":"Annona coriacea","description":"Folhas simples, alternas dísticas; estípulas ausentes; tricomas no limbo presentes; domáceas saculiformes na face abaxial; indumento adaxial glauco.","imageUrl":"https://picsum.photos/seed/Annona%20coriacea/400/300","traits":{"ley8pbfvx":["t4lxz7koh"],"prz7b8q5r":["7pbdlremh","bqfcu5pwp"],"4zak8n97e":["49u2t8spx"],"5tx3kg6lc":["zkxiaxx39"],"879oq7hnl":["eqbiie9uc","pvhmmq054"],"eqw54ndew":["0svo83pse"]}},{"id":"gu9niuejr","name":"Annona crassiflora","description":"Folhas simples, alternas dísticas; estípulas ausentes; tricomas no limbo presentes; domáceas ausentes; limbo elíptico a oboval, ápice arredondado a obtuso; pecíolo pubescente.","imageUrl":"https://picsum.photos/seed/Annona%20crassiflora/400/300","traits":{"ley8pbfvx":["t4lxz7koh"],"prz7b8q5r":["7pbdlremh","bqfcu5pwp"],"4zak8n97e":["49u2t8spx"],"5tx3kg6lc":["zkxiaxx39"],"879oq7hnl":["w2ginboxk"],"pfml8u3c0":["2gn2ai4c2"],"l65871xdt":["ttt6bfu7z"],"6c7m5pqyj":["1vjtpj7z9"]}},{"id":"x0enea8zp","name":"Xylopia aromatica","description":"Folhas simples, alternas dísticas; estípulas ausentes; tricomas no limbo presentes; domáceas ausentes; limbo lanceolado, ápice agudo; textura cartácea.","imageUrl":"https://picsum.photos/seed/Xylopia%20aromatica/400/300","traits":{"ley8pbfvx":["t4lxz7koh"],"prz7b8q5r":["7pbdlremh","bqfcu5pwp"],"4zak8n97e":["49u2t8spx"],"5tx3kg6lc":["zkxiaxx39"],"879oq7hnl":["w2ginboxk"],"pfml8u3c0":["8jitfnmp7"],"l65871xdt":["mtta1kazp"],"c5iw4ww6y":["gao3gqaim"]}},{"id":"ly1d7zt0o","name":"Austroplenckia populnea","description":"Folhas simples, alternas; estípulas ausentes; tricomas no limbo ausentes.","imageUrl":"https://picsum.photos/seed/Austroplenckia%20populnea/400/300","traits":{"ley8pbfvx":["t4lxz7koh"],"prz7b8q5r":["7pbdlremh","bqfcu5pwp","1g4k2yu1w"],"4zak8n97e":["49u2t8spx"],"5tx3kg6lc":["nmc9no5bv"]}},{"id":"5cjnb98c4","name":"Kielmeyera rubriflora","description":"Folhas simples, alternas espiraladas; estípulas ausentes; látex amarelado; limbo menor (2,5-9X1-3,5cm); ápice arredondado/obtuso.","imageUrl":"https://picsum.photos/seed/Kielmeyera%20rubriflora/400/300","traits":{"ley8pbfvx":["t4lxz7koh"],"prz7b8q5r":["7pbdlremh","1g4k2yu1w"],"4zak8n97e":["49u2t8spx"],"tolpppwvj":["1rawgw0xw"],"gfus46nvv":["ib0ls34pg"],"pyhzq28eo":["i4ewwq8q8"],"l65871xdt":["xr11qwqjs","ady11051k"]}},{"id":"bof2x4rp5","name":"Kielmeyera variabilis","description":"Folhas simples, alternas espiraladas; estípulas ausentes; látex amarelado; limbo maior (8-19X2,5-6,8cm); limbo abaxial esverdeado.","imageUrl":"https://picsum.photos/seed/Kielmeyera%20variabilis/400/300","traits":{"ley8pbfvx":["t4lxz7koh"],"prz7b8q5r":["7pbdlremh","1g4k2yu1w"],"4zak8n97e":["49u2t8spx"],"tolpppwvj":["1rawgw0xw"],"gfus46nvv":["ib0ls34pg"],"pyhzq28eo":["2fgmya66n"],"dk3xbnc91":["rdlrvkn4t"]}},{"id":"yy160fw3n","name":"Aspidosperma tomentosum","description":"Folhas simples, alternas espiraladas, sésseis; estípulas ausentes; látex esbranquiçado; pecíolo tomentoso.","imageUrl":"https://picsum.photos/seed/Aspidosperma%20tomentosum/400/300","traits":{"ley8pbfvx":["t4lxz7koh","vduzh8k9h"],"prz7b8q5r":["7pbdlremh","1g4k2yu1w"],"4zak8n97e":["49u2t8spx"],"tolpppwvj":["1rawgw0xw"],"gfus46nvv":["dm3iwntji"],"6c7m5pqyj":["ywqlk681h"]}},{"id":"uks8qk7qq","name":"Pouteria ramiflora","description":"Folhas simples, alternas espiraladas, pecioladas, glabras a pubescentes abaxialmente; estípulas ausentes; látex esbranquiçado; revestida por cera; exsudato no caule.","imageUrl":"https://picsum.photos/seed/Pouteria%20ramiflora/400/300","traits":{"ley8pbfvx":["t4lxz7koh","eo0yfm5la"],"prz7b8q5r":["7pbdlremh","1g4k2yu1w"],"4zak8n97e":["49u2t8spx"],"tolpppwvj":["1rawgw0xw"],"gfus46nvv":["dm3iwntji"],"eqw54ndew":["b8qa8dd0w"],"dk3xbnc91":["ci6y3zj4m"],"9i1aubcvr":["es7xuqtng"]}},{"id":"y8pkuotvu","name":"Pouteria torta","description":"Folhas simples, alternas espiraladas, pecioladas, pilosas na face abaxial (ferrugínea); estípulas ausentes; látex esbranquiçado; indumento adaxial incana.","imageUrl":"https://picsum.photos/seed/Pouteria%20torta/400/300","traits":{"ley8pbfvx":["t4lxz7koh","eo0yfm5la"],"prz7b8q5r":["7pbdlremh","1g4k2yu1w"],"4zak8n97e":["49u2t8spx"],"tolpppwvj":["1rawgw0xw"],"gfus46nvv":["dm3iwntji"],"eqw54ndew":["fptppn7h0"],"dk3xbnc91":["mubhrbd5q"],"6raij82n8":["qrpkke73g"]}},{"id":"lce0bojer","name":"Guapira noxia","description":"Folhas simples, alternas espiraladas; estípulas ausentes; látex e tricomas no limbo ausentes; tricomas ramos castanho avermelhados; gema apical com tricomas; glândulas internas ausentes; limbo rugoso; indumento adaxial esverdeado.","imageUrl":"https://picsum.photos/seed/Guapira%20noxia/400/300","traits":{"ley8pbfvx":["t4lxz7koh"],"prz7b8q5r":["7pbdlremh","1g4k2yu1w"],"4zak8n97e":["49u2t8spx"],"tolpppwvj":["kxgh7jayk"],"5tx3kg6lc":["nmc9no5bv"],"pjq8lxkm8":["3admd0wff"],"22c3cj1tr":["t8ktptev4"],"xo5whnsf8":["tw7loh5o5"],"to79sk93e":["0jh2firsu"],"6raij82n8":["39449lv0n"]}},{"id":"4w6fs3qi8","name":"Rapanea guyanensis","description":"Folhas simples, alternas espiraladas; estípulas ausentes; látex e tricomas no limbo ausentes; tricomas ferrugíneos opacos (ramos novos); glândulas internas opacas presentes; margem ondulada.","imageUrl":"https://picsum.photos/seed/Rapanea%20guyanensis/400/300","traits":{"ley8pbfvx":["t4lxz7koh"],"prz7b8q5r":["7pbdlremh","1g4k2yu1w"],"4zak8n97e":["49u2t8spx"],"tolpppwvj":["kxgh7jayk"],"5tx3kg6lc":["nmc9no5bv"],"pjq8lxkm8":["f62cyfrvo"],"xo5whnsf8":["z5qyjv860"],"0nna74rjo":["qe6gl6hcv"],"oul1hbodl":["1nqmlii7t"]}},{"id":"8bx13xc8u","name":"Gochnatia barrosii","description":"Folhas simples, alternas espiraladas; estípulas ausentes; látex ausente; tricomas no limbo presentes em ambas as faces; epiderme não visível, indumento revestindo totalmente; pecíolo velutino.","imageUrl":"https://picsum.photos/seed/Gochnatia%20barrosii/400/300","traits":{"ley8pbfvx":["t4lxz7koh"],"prz7b8q5r":["7pbdlremh","1g4k2yu1w"],"4zak8n97e":["49u2t8spx"],"tolpppwvj":["kxgh7jayk"],"5tx3kg6lc":["zkxiaxx39"],"eqw54ndew":["8e7xzhw8d"],"dwipspg8t":["ad5nkffcr"],"6c7m5pqyj":["afvwiyneg"]}},{"id":"8kmhjfb7q","name":"Piptocarpha rotundifolia","description":"Folhas simples, alternas espiraladas; estípulas ausentes; látex ausente; tricomas no limbo presentes em ambas as faces; epiderme visível esverdeada adaxialmente; indumento esbranquiçado abaxialmente; indumento abaxial lanuginoso.","imageUrl":"https://picsum.photos/seed/Piptocarpha%20rotundifolia/400/300","traits":{"ley8pbfvx":["t4lxz7koh"],"prz7b8q5r":["7pbdlremh","1g4k2yu1w"],"4zak8n97e":["49u2t8spx"],"tolpppwvj":["kxgh7jayk"],"5tx3kg6lc":["zkxiaxx39"],"eqw54ndew":["8e7xzhw8d"],"dwipspg8t":["fqnh57y7x","llezpz4c1"],"dk3xbnc91":["lt8558xgs"]}},{"id":"6zltmdf9x","name":"Diospyros hispida","description":"Folhas simples, alternas espiraladas; estípulas ausentes; látex ausente; tricomas no limbo presentes em ambas as faces; epiderme visível, tricomas dispostos; indumento adaxial hirsuto.","imageUrl":"https://picsum.photos/seed/Diospyros%20hispida/400/300","traits":{"ley8pbfvx":["t4lxz7koh"],"prz7b8q5r":["7pbdlremh","1g4k2yu1w"],"4zak8n97e":["49u2t8spx"],"tolpppwvj":["kxgh7jayk"],"5tx3kg6lc":["zkxiaxx39","xzm9z7w9d"],"eqw54ndew":["8e7xzhw8d"],"dwipspg8t":["fqnh57y7x"],"6raij82n8":["87kj60ai8"]}},{"id":"l7r7q415f","name":"Myrcia lingua","description":"Folhas simples, alternas espiraladas; estípulas ausentes; látex ausente; tricomas ferrugíneos apenas na face abaxial; glândulas internas presentes; nervura primária proeminente abaxialmente e impressa adaxialmente; indumento abaxial tomentoso.","imageUrl":"https://picsum.photos/seed/Myrcia%20lingua/400/300","traits":{"ley8pbfvx":["t4lxz7koh"],"prz7b8q5r":["7pbdlremh","1g4k2yu1w","80nsq4u8p"],"4zak8n97e":["49u2t8spx"],"tolpppwvj":["kxgh7jayk"],"5tx3kg6lc":["zkxiaxx39","9iwcdfyhx"],"eqw54ndew":["0svo83pse"],"xo5whnsf8":["z5qyjv860"],"2zpdcu5jw":["egiuqm7uo"],"isq70dfvi":["6g3a6nw5n"],"6y2n7fnvq":["rp39aex45"]}},{"id":"1x2mp6jrj","name":"Styrax ferrugineus","description":"Folhas simples, alternas espiraladas; estípulas ausentes; látex ausente; tricomas ferrugíneos apenas na face abaxial; glândulas internas ausentes; indumento adaxial ferrugíneo.","imageUrl":"https://picsum.photos/seed/Styrax%20ferrugineus/400/300","traits":{"ley8pbfvx":["t4lxz7koh"],"prz7b8q5r":["7pbdlremh","1g4k2yu1w"],"4zak8n97e":["49u2t8spx"],"tolpppwvj":["kxgh7jayk"],"5tx3kg6lc":["zkxiaxx39","9iwcdfyhx"],"eqw54ndew":["0svo83pse"],"xo5whnsf8":["tw7loh5o5"],"6raij82n8":["stk0odp3k"]}},{"id":"xezuqv21x","name":"Gochnatia pulchra","description":"Folhas simples, alternas espiraladas; estípulas ausentes; látex ausente; tricomas esbranquiçados apenas na face abaxial; ápice agudo.","imageUrl":"https://picsum.photos/seed/Gochnatia%20pulchra/400/300","traits":{"ley8pbfvx":["t4lxz7koh"],"prz7b8q5r":["7pbdlremh","1g4k2yu1w"],"4zak8n97e":["49u2t8spx"],"tolpppwvj":["kxgh7jayk"],"5tx3kg6lc":["zkxiaxx39","bv58xj0ls"],"eqw54ndew":["0svo83pse"],"l65871xdt":["mtta1kazp"]}},{"id":"yd2i2pv5u","name":"Solanum sp","description":"Folhas simples, verticiladas; estípulas presentes, caducas; indumento adaxial velutino.","imageUrl":"https://picsum.photos/seed/Solanum%20sp/400/300","traits":{"ley8pbfvx":["t4lxz7koh"],"prz7b8q5r":["80nsq4u8p"],"4zak8n97e":["ixndgqa49","8pobu5wgf"],"6raij82n8":["oaiqbamyd"]}},{"id":"q15slm7p8","name":"Vochysia tucanorum","description":"Folhas simples, verticiladas; estípulas presentes, persistentes interpeciolares.","imageUrl":"https://picsum.photos/seed/Vochysia%20tucanorum/400/300","traits":{"ley8pbfvx":["t4lxz7koh"],"prz7b8q5r":["80nsq4u8p"],"4zak8n97e":["ixndgqa49","2z8reiudu","bogu0lefs"]}},{"id":"8mibkf79n","name":"Vochysia cinnamomea","description":"Folhas simples, verticiladas; estípulas ausentes; estrutura secretora no limbo ausente; pecíolo velutino.","imageUrl":"https://picsum.photos/seed/Vochysia%20cinnamomea/400/300","traits":{"ley8pbfvx":["t4lxz7koh"],"prz7b8q5r":["80nsq4u8p"],"4zak8n97e":["49u2t8spx"],"6c7m5pqyj":["afvwiyneg"]}},{"id":"ilysb4906","name":"Aegiphila lhotzkiana","description":"Folhas simples, verticiladas; estípulas ausentes; estrutura secretora no limbo presente; estrutura secretora interna ausente; estrutura secretora externa próxima à nervura primária; base do limbo cuneada ou aguda; indumento adaxial esbranquiçado.","imageUrl":"https://picsum.photos/seed/Aegiphila%20lhotzkiana/400/300","traits":{"ley8pbfvx":["t4lxz7koh"],"prz7b8q5r":["80nsq4u8p"],"4zak8n97e":["49u2t8spx"],"xo5whnsf8":["tw7loh5o5"],"75p4iqeqf":["40uhy3fv4"],"b8kho82al":["fpf9ulbzx"],"6raij82n8":["pzhplcx0o"]}},{"id":"ewtluq2fy","name":"Strychnos pseudoquina","description":"Folhas simples, opostas; nervura acródroma suprabasal; indumento adaxial esverdeado.","imageUrl":"https://picsum.photos/seed/Strychnos%20pseudoquina/400/300","traits":{"ley8pbfvx":["t4lxz7koh"],"prz7b8q5r":["5d5kw6fl0"],"2zpdcu5jw":["h6e9z7vfw"],"a27nzusue":["jjsqff0ny"],"6raij82n8":["39449lv0n"]}},{"id":"ahpjmyadv","name":"Leandra lacunosa","description":"Folhas simples, opostas; nervura acródroma basal; face adaxial do limbo velutina; indumento abaxial hirsuto.","imageUrl":"https://picsum.photos/seed/Leandra%20lacunosa/400/300","traits":{"ley8pbfvx":["t4lxz7koh"],"prz7b8q5r":["5d5kw6fl0"],"2zpdcu5jw":["h6e9z7vfw"],"a27nzusue":["he76vkpuf"],"4jikz9g7r":["6jm7wekm9"],"dk3xbnc91":["8n4fuu2rz"]}},{"id":"c59k98apa","name":"Miconia rubiginosa","description":"Folhas simples, opostas; nervura acródroma basal; face adaxial não velutina; face abaxial ferrugínea; estrutura secretora externa adnada ao pecíolo presente; indumento adaxial ferrugíneo.","imageUrl":"https://picsum.photos/seed/Miconia%20rubiginosa/400/300","traits":{"ley8pbfvx":["t4lxz7koh"],"prz7b8q5r":["5d5kw6fl0"],"2zpdcu5jw":["h6e9z7vfw"],"a27nzusue":["he76vkpuf"],"4jikz9g7r":["8vadjuwa5"],"crf5t2pez":["u85bilk4j"],"uicf5sszf":["0cx482axq"],"gh3bh2sza":["whpqv39fm"],"6raij82n8":["stk0odp3k"]}},{"id":"x7dii305c","name":"Miconia albicans","description":"Folhas simples, opostas; nervura acródroma basal; face adaxial não velutina; face abaxial esbranquiçada; estrutura secretora externa adnada ao pecíolo ausente; indumento adaxial esbranquiçado.","imageUrl":"https://picsum.photos/seed/Miconia%20albicans/400/300","traits":{"ley8pbfvx":["t4lxz7koh"],"prz7b8q5r":["5d5kw6fl0"],"2zpdcu5jw":["h6e9z7vfw"],"a27nzusue":["he76vkpuf"],"4jikz9g7r":["8vadjuwa5"],"crf5t2pez":["f26ii2ltr"],"uicf5sszf":["uwjx1vhl5"],"gh3bh2sza":["whpqv39fm"],"6raij82n8":["pzhplcx0o"]}},{"id":"lsbmw5e88","name":"Myrcia bella","description":"Folhas simples, opostas; nervura não acródroma; estrutura secretora interna presente; córtex fissurado longitudinalmente; limbo abaxial incana.","imageUrl":"https://picsum.photos/seed/Myrcia%20bella/400/300","traits":{"ley8pbfvx":["t4lxz7koh"],"prz7b8q5r":["5d5kw6fl0"],"2zpdcu5jw":["egiuqm7uo"],"xo5whnsf8":["z5qyjv860"],"isq70dfvi":["242johtno"],"dk3xbnc91":["kobhvi7oj"]}},{"id":"l5x5wat3a","name":"Blepharocalyx salicifolius","description":"Folhas simples, opostas; nervura não acródroma; estrutura secretora interna presente; córtex não fissurado longitudinalmente; nervura primária proeminente em ambas as faces; margem do limbo inteira.","imageUrl":"https://picsum.photos/seed/Blepharocalyx%20salicifolius/400/300","traits":{"ley8pbfvx":["t4lxz7koh"],"prz7b8q5r":["5d5kw6fl0"],"2zpdcu5jw":["egiuqm7uo"],"xo5whnsf8":["z5qyjv860"],"isq70dfvi":["6g3a6nw5n"],"6y2n7fnvq":["w3bqdkobn"],"oul1hbodl":["y26f0l6ez"]}},{"id":"8bpgqfa0t","name":"Lafoensia pacari","description":"Folhas simples, opostas; nervura não acródroma; estrutura secretora interna ausente; estrutura secretora externa no limbo presente apicalmente; filotaxia opostas dísticas.","imageUrl":"https://picsum.photos/seed/Lafoensia%20pacari/400/300","traits":{"ley8pbfvx":["t4lxz7koh"],"prz7b8q5r":["5d5kw6fl0","kg8ti1s7m"],"2zpdcu5jw":["egiuqm7uo"],"xo5whnsf8":["tw7loh5o5"],"75p4iqeqf":["0583wk72e"],"9nh4sd441":["rjb230f5i"]}},{"id":"gf4yni4lb","name":"Banisteriopsis stellaris","description":"Folhas simples, opostas; nervura não acródroma; estrutura secretora interna ausente; estrutura secretora externa presente ao lado da nervura principal; tricomas no limbo ausentes; córtex tipo liso.","imageUrl":"https://picsum.photos/seed/Banisteriopsis%20stellaris/400/300","traits":{"ley8pbfvx":["t4lxz7koh"],"prz7b8q5r":["5d5kw6fl0"],"2zpdcu5jw":["egiuqm7uo"],"xo5whnsf8":["tw7loh5o5"],"75p4iqeqf":["0583wk72e"],"9nh4sd441":["saxbcebc5"],"5tx3kg6lc":["nmc9no5bv"],"isq70dfvi":["pds19qnt2"]}},{"id":"1te2fp0xq","name":"Banisteriopsis campestris","description":"Folhas simples, opostas; nervura não acródroma; estrutura secretora interna ausente; estrutura secretora externa presente ao lado da nervura principal; tricomas no limbo presentes; base do limbo cordada; ápice acuminado.","imageUrl":"https://picsum.photos/seed/Banisteriopsis%20campestris/400/300","traits":{"ley8pbfvx":["t4lxz7koh"],"prz7b8q5r":["5d5kw6fl0"],"2zpdcu5jw":["egiuqm7uo"],"xo5whnsf8":["tw7loh5o5"],"75p4iqeqf":["0583wk72e"],"9nh4sd441":["saxbcebc5"],"5tx3kg6lc":["zkxiaxx39"],"b8kho82al":["7brx2gk1m"],"l65871xdt":["rzzypwv72"]}},{"id":"0yv4ntosx","name":"Neea theifera","description":"Folhas simples, opostas; nervura não acródroma; estrutura secretora interna e externa ausentes; nervura primária proeminente em ambas as faces; limbo carnoso; indumento adaxial glauco.","imageUrl":"https://picsum.photos/seed/Neea%20theifera/400/300","traits":{"ley8pbfvx":["t4lxz7koh"],"prz7b8q5r":["5d5kw6fl0"],"2zpdcu5jw":["egiuqm7uo"],"xo5whnsf8":["tw7loh5o5"],"75p4iqeqf":["0p5wtqvi6"],"6y2n7fnvq":["w3bqdkobn"],"c5iw4ww6y":["eohwl3gcx"]}},{"id":"bpj8u75u9","name":"Byrsonima verbascifolia","description":"Folhas simples, opostas; nervura não acródroma; estruturas secretoras interna e externa ausentes; nervura primária proeminente em ambas as faces; limbo não carnoso; superfície lisa; indumento adaxial pubescente.","imageUrl":"https://picsum.photos/seed/Byrsonima%20verbascifolia/400/300","traits":{"ley8pbfvx":["t4lxz7koh"],"prz7b8q5r":["5d5kw6fl0"],"2zpdcu5jw":["egiuqm7uo"],"xo5whnsf8":["tw7loh5o5"],"75p4iqeqf":["0p5wtqvi6"],"6y2n7fnvq":["w3bqdkobn"],"c5iw4ww6y":["20fz4pkdc"],"to79sk93e":["0ggqlolzd"],"6raij82n8":["2w0yv8ja4"]}},{"id":"zfqkbgsvz","name":"Byrsonima coccolobifolia","description":"Folhas simples, opostas; nervura não acródroma; estruturas secretoras interna e externa ausentes; nervura primária proeminente em ambas as faces; limbo não carnoso; superfície rugosa; estípulas presentes; nervura secundária proeminente.","imageUrl":"https://picsum.photos/seed/Byrsonima%20coccolobifolia/400/300","traits":{"ley8pbfvx":["t4lxz7koh"],"prz7b8q5r":["5d5kw6fl0"],"2zpdcu5jw":["egiuqm7uo"],"xo5whnsf8":["tw7loh5o5"],"75p4iqeqf":["0p5wtqvi6"],"6y2n7fnvq":["w3bqdkobn"],"c5iw4ww6y":["20fz4pkdc"],"to79sk93e":["0jh2firsu"],"4zak8n97e":["ixndgqa49"],"e5c20w9q2":["e7kikftj4"]}},{"id":"zy22mmxfd","name":"Byrsonima intermedia","description":"Folhas simples, opostas; nervura não acródroma; estruturas secretoras interna e externa ausentes; nervura primária proeminente em ambas as faces; limbo não carnoso; superfície rugosa; estípulas presentes; nervura secundária impressa em ambas as faces.","imageUrl":"https://picsum.photos/seed/Byrsonima%20intermedia/400/300","traits":{"ley8pbfvx":["t4lxz7koh"],"prz7b8q5r":["5d5kw6fl0"],"2zpdcu5jw":["egiuqm7uo"],"xo5whnsf8":["tw7loh5o5"],"75p4iqeqf":["0p5wtqvi6"],"6y2n7fnvq":["w3bqdkobn"],"c5iw4ww6y":["20fz4pkdc"],"to79sk93e":["0jh2firsu"],"4zak8n97e":["ixndgqa49"],"e5c20w9q2":["5e5i8a2c4"]}},{"id":"du5in797q","name":"Byrsonima crassifolia","description":"Folhas simples, opostas; nervura não acródroma; estruturas secretoras interna e externa ausentes; nervura primária proeminente em uma/nenhuma face; tricomas presentes em ambas as faces; inserção axilar da estípula; margem plana.","imageUrl":"https://picsum.photos/seed/Byrsonima%20crassifolia/400/300","traits":{"ley8pbfvx":["t4lxz7koh"],"prz7b8q5r":["5d5kw6fl0"],"2zpdcu5jw":["egiuqm7uo"],"xo5whnsf8":["tw7loh5o5"],"75p4iqeqf":["0p5wtqvi6"],"6y2n7fnvq":["f1ew9a6hx"],"5tx3kg6lc":["zkxiaxx39"],"eqw54ndew":["8e7xzhw8d"],"4zak8n97e":["ga5xslu9v"],"oul1hbodl":["kmkfg7yf3"]}},{"id":"6xb8rfdll","name":"Tocoyena formosa","description":"Folhas simples, opostas; nervura não acródroma; estruturas secretoras interna e externa ausentes; nervura primária proeminente em uma/nenhuma face; tricomas presentes em ambas as faces; inserção interpeciolar da estípula; indumento adaxial velutino.","imageUrl":"https://picsum.photos/seed/Tocoyena%20formosa/400/300","traits":{"ley8pbfvx":["t4lxz7koh"],"prz7b8q5r":["5d5kw6fl0"],"2zpdcu5jw":["egiuqm7uo"],"xo5whnsf8":["tw7loh5o5"],"75p4iqeqf":["0p5wtqvi6"],"6y2n7fnvq":["f1ew9a6hx"],"5tx3kg6lc":["zkxiaxx39"],"eqw54ndew":["8e7xzhw8d"],"4zak8n97e":["bogu0lefs"],"6raij82n8":["oaiqbamyd"]}},{"id":"nybd2db1r","name":"Eugenia pyriformis","description":"Folhas simples, opostas; nervura não acródroma; estruturas secretoras interna e externa ausentes; nervura primária proeminente em uma/nenhuma face; tricomas presentes na face abaxial; estrutura externa no pecíolo ausente; córtex tipo rugoso.","imageUrl":"https://picsum.photos/seed/Eugenia%20pyriformis/400/300","traits":{"ley8pbfvx":["t4lxz7koh"],"prz7b8q5r":["5d5kw6fl0"],"2zpdcu5jw":["egiuqm7uo"],"xo5whnsf8":["tw7loh5o5"],"75p4iqeqf":["0p5wtqvi6"],"6y2n7fnvq":["f1ew9a6hx"],"5tx3kg6lc":["zkxiaxx39"],"eqw54ndew":["0svo83pse"],"uicf5sszf":["uwjx1vhl5"],"isq70dfvi":["tczb1oplq"]}},{"id":"bj6t1u4kb","name":"Qualea grandiflora","description":"Folhas simples, opostas; nervura não acródroma; estruturas secretoras interna e externa ausentes; nervura primária proeminente em uma/nenhuma face; tricomas presentes na face abaxial; estrutura externa no pecíolo presente; córtex suberoso, largo e profundamente sulcado; folha com indumento e coriácea; pecíolo tomentoso.","imageUrl":"https://picsum.photos/seed/Qualea%20grandiflora/400/300","traits":{"ley8pbfvx":["t4lxz7koh"],"prz7b8q5r":["5d5kw6fl0"],"2zpdcu5jw":["egiuqm7uo"],"xo5whnsf8":["tw7loh5o5"],"75p4iqeqf":["0p5wtqvi6"],"6y2n7fnvq":["f1ew9a6hx"],"5tx3kg6lc":["zkxiaxx39"],"eqw54ndew":["0svo83pse"],"uicf5sszf":["0cx482axq"],"o03kp4b7p":["4lvjgkoq8"],"isq70dfvi":["a177nmch0"],"mm4xjzn6k":["0fbjcpfm5"],"c5iw4ww6y":["xbe53f1mt"],"6c7m5pqyj":["ywqlk681h"]}},{"id":"bwdbhu8yp","name":"Qualea multiflora","description":"Folhas simples, opostas; nervura não acródroma; estruturas secretoras interna e externa ausentes; nervura primária proeminente em uma/nenhuma face; tricomas presentes na face abaxial; estrutura externa no pecíolo presente; córtex suberoso, fissurado longitudinalmente; folha sem indumento e cartácea; pecíolo pubescente.","imageUrl":"https://picsum.photos/seed/Qualea%20multiflora/400/300","traits":{"ley8pbfvx":["t4lxz7koh"],"prz7b8q5r":["5d5kw6fl0"],"2zpdcu5jw":["egiuqm7uo"],"xo5whnsf8":["tw7loh5o5"],"75p4iqeqf":["0p5wtqvi6"],"6y2n7fnvq":["f1ew9a6hx"],"5tx3kg6lc":["zkxiaxx39"],"eqw54ndew":["0svo83pse"],"uicf5sszf":["0cx482axq"],"o03kp4b7p":["4lvjgkoq8"],"isq70dfvi":["242johtno"],"mm4xjzn6k":["nnbrtgg6f"],"c5iw4ww6y":["gao3gqaim"],"6c7m5pqyj":["1vjtpj7z9"]}},{"id":"eoha6imke","name":"Attalea geraensis","description":"Palmeira de estipe subterrâneo; folhas dispostas paralelamente, inseridas equidistantes; domáceas lineares compridas na base da nervura principal.","imageUrl":"https://picsum.photos/seed/Attalea%20geraensis/400/300","traits":{"ley8pbfvx":["pjgvshff1","pna36opel","v4yscmp0t"],"qgyqrxasu":["iephbg37z"],"fk94efvjq":["3bm0u4e0f"],"879oq7hnl":["808h7ekjq"]}},{"id":"pjlpim98g","name":"Syagrus petraea","description":"Palmeira de estipe subterrâneo; pinas dispostas em vários planos; ausência de domáceas.","imageUrl":"https://picsum.photos/seed/Syagrus%20petraea/400/300","traits":{"ley8pbfvx":["pjgvshff1"],"qgyqrxasu":["iephbg37z"],"fk94efvjq":["3bm0u4e0f"],"blfz05dzt":["p6xeppbim"],"879oq7hnl":["w2ginboxk"]}},{"id":"pkamaw60p","name":"Caryocar brasiliense","description":"Palmeira de caule aéreo; folíolos saindo de um único ponto (digitadas); estípulas presentes, persistentes; córtex fino (<2mm).","imageUrl":"https://picsum.photos/seed/Caryocar%20brasiliense/400/300","traits":{"ley8pbfvx":["pjgvshff1"],"qgyqrxasu":["iephbg37z"],"fk94efvjq":["xegcrzuow"],"9jr7tmpst":["3n4ztz2z3"],"4zak8n97e":["ixndgqa49","2z8reiudu"],"o03kp4b7p":["hk68p9qlq"]}},{"id":"cwr97xgir","name":"Eriotheca gracilipes","description":"Palmeira de caule aéreo; folíolos saindo de um único ponto (digitadas); estípulas presentes, caducas laterais; folhas compostas digitadas.","imageUrl":"https://picsum.photos/seed/Eriotheca%20gracilipes/400/300","traits":{"ley8pbfvx":["pjgvshff1"],"qgyqrxasu":["iephbg37z"],"fk94efvjq":["xegcrzuow"],"9jr7tmpst":["3n4ztz2z3"],"4zak8n97e":["ixndgqa49","8pobu5wgf","s4ecynaqn"]}},{"id":"uuxwjbtho","name":"Didymopanax vinosum","description":"Palmeira de caule aéreo; folíolos saindo de um único ponto (digitadas); estípulas presentes, caducas axilares; margem do limbo revoluta.","imageUrl":"https://picsum.photos/seed/Didymopanax%20vinosum/400/300","traits":{"ley8pbfvx":["pjgvshff1"],"qgyqrxasu":["iephbg37z"],"fk94efvjq":["xegcrzuow"],"9jr7tmpst":["3n4ztz2z3"],"4zak8n97e":["ixndgqa49","8pobu5wgf","ga5xslu9v"],"oul1hbodl":["rv9is3ify"]}},{"id":"ojtyk43mw","name":"Tabebuia ochracea","description":"Palmeira de caule aéreo; folíolos saindo de um único ponto (digitadas); estípulas ausentes; tricomas no limbo presentes; indumento adaxial pubérulo.","imageUrl":"https://picsum.photos/seed/Tabebuia%20ochracea/400/300","traits":{"ley8pbfvx":["pjgvshff1"],"qgyqrxasu":["iephbg37z"],"fk94efvjq":["xegcrzuow"],"9jr7tmpst":["3n4ztz2z3"],"4zak8n97e":["49u2t8spx"],"5tx3kg6lc":["zkxiaxx39"],"6raij82n8":["p78kcbhfh"]}},{"id":"pzqfckrxm","name":"Tabebuia aurea","description":"Palmeira de caule aéreo; folíolos saindo de um único ponto (digitadas); estípulas ausentes; tricomas no limbo ausentes; indumento adaxial esverdeado.","imageUrl":"https://picsum.photos/seed/Tabebuia%20aurea/400/300","traits":{"ley8pbfvx":["pjgvshff1"],"qgyqrxasu":["iephbg37z"],"fk94efvjq":["xegcrzuow"],"9jr7tmpst":["3n4ztz2z3"],"4zak8n97e":["49u2t8spx"],"5tx3kg6lc":["nmc9no5bv"],"6raij82n8":["39449lv0n"]}},{"id":"8jzcmajgb","name":"Stryphnodendron adstringens","description":"Folhas compostas, folíolos saindo de um eixo central; domáceas presentes; limbo >3,5X2,4cm; casca com cicatrizes foliares, saliências transversais, lenticelas.","imageUrl":"https://picsum.photos/seed/Stryphnodendron%20adstringens/400/300","traits":{"ley8pbfvx":["pjgvshff1"],"9jr7tmpst":["s9vgceon5"],"879oq7hnl":["eqbiie9uc"],"pyhzq28eo":["16uj5hpxo"],"0r77ikzwx":["300ap7rh0","qv1n3etwa","gzb2bvg25"]}},{"id":"mfdrzufsv","name":"Stryphnodendron obovatum","description":"Folhas compostas, folíolos saindo de um eixo central; domáceas presentes; limbo <2X2cm; casca com anéis transversais.","imageUrl":"https://picsum.photos/seed/Stryphnodendron%20obovatum/400/300","traits":{"ley8pbfvx":["pjgvshff1"],"9jr7tmpst":["s9vgceon5"],"879oq7hnl":["eqbiie9uc"],"pyhzq28eo":["e7iqefko2"],"0r77ikzwx":["deprpve3l"]}},{"id":"w0dwq4rui","name":"Dalbergia miscolobium","description":"Folhas compostas pinadas; folíolos subopostos; domáceas ausentes.","imageUrl":"https://picsum.photos/seed/Dalbergia%20miscolobium/400/300","traits":{"ley8pbfvx":["pjgvshff1","arkgr0xir"],"9jr7tmpst":["s9vgceon5"],"879oq7hnl":["w2ginboxk"],"n18ev4w1k":["oq8k3a33o"]}},{"id":"72bfszfjy","name":"Connarus suberosus","description":"Folhas compostas pinadas; folíolos opostos; estipelas ausentes; domáceas ausentes; pecíolo tomentoso.","imageUrl":"https://picsum.photos/seed/Connarus%20suberosus/400/300","traits":{"ley8pbfvx":["pjgvshff1","arkgr0xir"],"9jr7tmpst":["s9vgceon5"],"879oq7hnl":["w2ginboxk"],"n18ev4w1k":["mqv63femi"],"ubofs41f3":["1iq5c4100"],"6c7m5pqyj":["ywqlk681h"]}},{"id":"yhx2kr5qh","name":"Acosmium dasycarpum","description":"Folhas compostas pinadas; folíolos opostos; estipelas presentes; tricomas no limbo presentes; domáceas ausentes; pecíolo pubescente.","imageUrl":"https://picsum.photos/seed/Acosmium%20dasycarpum/400/300","traits":{"ley8pbfvx":["pjgvshff1","arkgr0xir"],"9jr7tmpst":["s9vgceon5"],"879oq7hnl":["w2ginboxk"],"n18ev4w1k":["mqv63femi"],"ubofs41f3":["euf2l2d4n"],"5tx3kg6lc":["zkxiaxx39"],"6c7m5pqyj":["1vjtpj7z9"]}},{"id":"eqp2gyorg","name":"Acosmium subelegans","description":"Folhas compostas pinadas; folíolos opostos; estipelas presentes; tricomas no limbo ausentes; domáceas ausentes.","imageUrl":"https://picsum.photos/seed/Acosmium%20subelegans/400/300","traits":{"ley8pbfvx":["pjgvshff1","arkgr0xir"],"9jr7tmpst":["s9vgceon5"],"879oq7hnl":["w2ginboxk"],"n18ev4w1k":["mqv63femi"],"ubofs41f3":["euf2l2d4n"],"5tx3kg6lc":["nmc9no5bv"]}},{"id":"sn2p0o9sr","name":"Anadenanthera falcata","description":"Folhas compostas bipinadas; estrutura secretora externa presente; domáceas ausentes.","imageUrl":"https://picsum.photos/seed/Anadenanthera%20falcata/400/300","traits":{"ley8pbfvx":["pjgvshff1","pnnokfvus"],"9jr7tmpst":["s9vgceon5"],"879oq7hnl":["w2ginboxk"],"0161x2g4l":["czuiv4ksp"]}},{"id":"ayfry4k1r","name":"Dimorphandra mollis","description":"Folhas compostas bipinadas; estrutura secretora externa ausente; folíolo até 1,3cm; limbo seríceo; indumento adaxial incana.","imageUrl":"https://picsum.photos/seed/Dimorphandra%20mollis/400/300","traits":{"ley8pbfvx":["pjgvshff1","pnnokfvus"],"879oq7hnl":["w2ginboxk"],"0161x2g4l":["w9ikkctii"],"pyhzq28eo":["gfjnhzc61"],"to79sk93e":["yeznuwnfc"],"6raij82n8":["qrpkke73g"]}},{"id":"7lab0dvyc","name":"Jacaranda caroba","description":"Folhas compostas bipinadas; estrutura secretora externa ausente; folíolo até 4,0cm; margem do limbo serreada.","imageUrl":"https://picsum.photos/seed/Jacaranda%20caroba/400/300","traits":{"ley8pbfvx":["pjgvshff1","pnnokfvus"],"879oq7hnl":["w2ginboxk"],"0161x2g4l":["w9ikkctii"],"pyhzq28eo":["pxmfu3vpy"],"oul1hbodl":["pro2e38rc"]}},{"id":"kqtqfv897","name":"Casearia sylvestris","description":"Margem do limbo serrilhada.","imageUrl":"https://picsum.photos/seed/Casearia%20sylvestris/400/300","traits":{"oul1hbodl":["72h1gpipg"]}},{"id":"kveil46dm","name":"Bowdichia virgilioides","description":"Indumento na face abaxial do limbo pubérulo.","imageUrl":"https://picsum.photos/seed/Bowdichia%20virgilioides/400/300","traits":{"eqw54ndew":["0svo83pse"]}},{"id":"3jdwttlyi","name":"Eugenia aurata","description":"Filotaxia suboposta.","imageUrl":"https://picsum.photos/seed/Eugenia%20aurata/400/300","traits":{"prz7b8q5r":["r793p6n9y"]}}]}