{"id":"fqdjldnhj","name":"Chave de Identificação para Xylopia no Rio de Janeiro","description":"Uma chave interativa para a identificação de espécies do gênero Xylopia (Annonaceae) ocorrentes no estado do Rio de Janeiro, Brasil, com foco em caracteres vegetativos distintivos. Destina-se a especialistas e pesquisadores da flora neotropical.","features":[{"id":"n0mevc0a7","name":"Indumento dos Ramos Jovens","imageUrl":"","states":[{"id":"p9kmn1gs4","label":"Glabros a esparsamente puberulentos"},{"id":"n5cl9smc7","label":"Densa e persistentemente tomentosos a seríceos"}]},{"id":"indfa34w6","name":"Forma da Lâmina Foliar","imageUrl":"https://upload.wikimedia.org/wikipedia/commons/c/cf/Leaf_shapes.png","states":[{"id":"89l8ezoub","label":"Elíptica a oblonga ou lanceolada"},{"id":"7afpx6i65","label":"Obovada a oblanceolada"},{"id":"79d6aid2e","label":"Estritamente linear-lanceolada"}]},{"id":"9pm8i0ge4","name":"Ápice Foliar","imageUrl":"https://upload.wikimedia.org/wikipedia/commons/5/5a/Leaf_apex_shapes.svg","states":[{"id":"djpwxjr47","label":"Agudo a acuminado"},{"id":"ys1yizqzw","label":"Obtuso a arredondado"},{"id":"c7sumdnh4","label":"Emarginado a retuso"}]},{"id":"54ohgg2wh","name":"Pilosidade da Face Abaxial da Lâmina","imageUrl":"","states":[{"id":"yok1r5hcp","label":"Glabra a glabrescente"},{"id":"yq3kxmq2y","label":"Serícea a tomentosa, frequentemente prateada ou ferrugínea"}]},{"id":"kjh2mhtg0","name":"Consistência da Lâmina Foliar","imageUrl":"","states":[{"id":"4uxiygddq","label":"Cartácea a subcoriácea"},{"id":"y6uvfkefy","label":"Coriácea"}]}],"entities":[{"id":"ssvzh073q","name":"Xylopia aromatica (Lam.) Mart.","description":"Árvore ou arbusto com casca escura e folhas de aroma característico quando amassadas. Ocorre em formações de cerrado, florestas de galeria e áreas de floresta secundária.","imageUrl":"https://upload.wikimedia.org/wikipedia/commons/e/ed/Xylopia_aromatica.jpg","links":[{"id":"qtfa8oyul","label":"Flora e Funga do Brasil","url":"http://floradobrasil.jbrj.gov.br/FB11432"},{"id":"3o2wl9lbk","label":"Wikipedia","url":"https://pt.wikipedia.org/wiki/Xylopia_aromatica"}],"traits":{"n0mevc0a7":["n5cl9smc7"],"indfa34w6":["89l8ezoub"],"9pm8i0ge4":["djpwxjr47"],"54ohgg2wh":["yok1r5hcp"],"kjh2mhtg0":["4uxiygddq"]}},{"id":"v4zphb4vn","name":"Xylopia benthamii R.E.Fr.","description":"Árvore de porte médio a grande, notável pelo indumento tomentoso-ferrugíneo denso e persistente nos ramos jovens e na face abaxial das folhas, conferindo-lhe uma coloração distintiva.","imageUrl":"https://picsum.photos/seed/Xylopia%20benthamii%20R.E.Fr./400/300","links":[{"id":"vseats27a","label":"Flora e Funga do Brasil","url":"http://floradobrasil.jbrj.gov.br/FB11433"},{"id":"f65ostq6f","label":"GBIF","url":"https://www.gbif.org/species/3157581"}],"traits":{"n0mevc0a7":["n5cl9smc7"],"indfa34w6":["89l8ezoub"],"9pm8i0ge4":["djpwxjr47"],"54ohgg2wh":["yq3kxmq2y"],"kjh2mhtg0":["y6uvfkefy"]}},{"id":"kytjyrr3f","name":"Xylopia brasiliensis Spreng.","description":"Árvore ou arbusto frequente em diversas formações vegetais, desde bordas de mata até capoeiras. Caracterizada por folhas com nervuras secundárias notáveis e frutos agregados.","imageUrl":"https://upload.wikimedia.org/wikipedia/commons/e/e0/Xylopia_brasiliensis.jpg","links":[{"id":"nhevfldm0","label":"Flora e Funga do Brasil","url":"http://floradobrasil.jbrj.gov.br/FB11434"},{"id":"1kbysbzfx","label":"Wikipedia","url":"https://pt.wikipedia.org/wiki/Xylopia_brasiliensis"}],"traits":{"n0mevc0a7":["p9kmn1gs4"],"indfa34w6":["89l8ezoub"],"9pm8i0ge4":["djpwxjr47"],"54ohgg2wh":["yok1r5hcp"],"kjh2mhtg0":["4uxiygddq"]}},{"id":"ugunsh6e7","name":"Xylopia emarginata Mart.","description":"Espécie facilmente reconhecida pelo ápice foliar distintivamente emarginado ou retuso, conferindo um aspecto truncado. Ocorre em bordas de florestas e capoeiras, sendo endêmica do Brasil.","imageUrl":"https://upload.wikimedia.org/wikipedia/commons/6/6f/Xylopia_emarginata.jpg","links":[{"id":"ez5912zzr","label":"Flora e Funga do Brasil","url":"http://floradobrasil.jbrj.gov.br/FB11436"},{"id":"5u8e0wc5m","label":"GBIF","url":"https://www.gbif.org/species/3157640"}],"traits":{"n0mevc0a7":["p9kmn1gs4"],"indfa34w6":["7afpx6i65"],"9pm8i0ge4":["c7sumdnh4"],"54ohgg2wh":["yok1r5hcp"],"kjh2mhtg0":["y6uvfkefy"]}},{"id":"o5j77b2x3","name":"Xylopia frutescens Aubl.","description":"Arbusto ou árvore pequena com folhas que frequentemente exibem uma tonalidade prateada na face abaxial devido ao indumento seríceo denso. Comum em áreas abertas, savanas e bordas de mata.","imageUrl":"https://upload.wikimedia.org/wikipedia/commons/c/ce/Xylopia_frutescens_-_Museu_Goeldi_-_Bel%C3%A9m.jpg","links":[{"id":"voxiepdxh","label":"Flora e Funga do Brasil","url":"http://floradobrasil.jbrj.gov.br/FB11437"},{"id":"ga87ju1ni","label":"Wikipedia","url":"https://pt.wikipedia.org/wiki/Xylopia_frutescens"}],"traits":{"n0mevc0a7":["n5cl9smc7"],"indfa34w6":["89l8ezoub"],"9pm8i0ge4":["djpwxjr47"],"54ohgg2wh":["yq3kxmq2y"],"kjh2mhtg0":["4uxiygddq"]}},{"id":"y4qjyeoyi","name":"Xylopia ligustrifolia (Mart.) R.E.Fr.","description":"Árvore ou arbusto com folhas relativamente pequenas e estreitas, lanceoladas a estritamente oblongo-lanceoladas, que lembram as de espécies do gênero Ligustrum. Ocorre em florestas de baixada e encostas.","imageUrl":"https://picsum.photos/seed/Xylopia%20ligustrifolia%20(Mart.)%20R.E.Fr./400/300","links":[{"id":"k17y1gjrl","label":"Flora e Funga do Brasil","url":"http://floradobrasil.jbrj.gov.br/FB11438"},{"id":"xa6846mml","label":"GBIF","url":"https://www.gbif.org/species/3157579"}],"traits":{"n0mevc0a7":["p9kmn1gs4"],"indfa34w6":["79d6aid2e"],"9pm8i0ge4":["djpwxjr47"],"54ohgg2wh":["yok1r5hcp"],"kjh2mhtg0":["4uxiygddq"]}},{"id":"wymx8wqm0","name":"Xylopia nitida Dunal","description":"Árvore de folhas brilhantes na face adaxial e consistência coriácea, que se destaca em florestas ombrófilas e matas de galeria. Caracteristicamente glabra ou glabrescente.","imageUrl":"https://upload.wikimedia.org/wikipedia/commons/0/01/Xylopia_nitida_%28MG_76595%29.jpg","links":[{"id":"k5q8xcila","label":"Flora e Funga do Brasil","url":"http://floradobrasil.jbrj.gov.br/FB11439"},{"id":"wtflfzm4j","label":"GBIF","url":"https://www.gbif.org/species/3157647"}],"traits":{"n0mevc0a7":["p9kmn1gs4"],"indfa34w6":["89l8ezoub"],"9pm8i0ge4":["djpwxjr47"],"54ohgg2wh":["yok1r5hcp"],"kjh2mhtg0":["y6uvfkefy"]}},{"id":"ymbq3ols7","name":"Xylopia sericea A.St.-Hil.","description":"Árvore ou arbusto facilmente identificável pelo indumento prateado e seríceo que recobre densamente os ramos jovens e a face abaxial das folhas, conferindo-lhes um aspecto brilhante. Ocorre em florestas e áreas abertas.","imageUrl":"https://upload.wikimedia.org/wikipedia/commons/a/ac/Xylopia_sericea_-_Flickr_-_Alex_Popovkin%2C_Bahia%2C_Brazil.jpg","links":[{"id":"du7fqnk1v","label":"Flora e Funga do Brasil","url":"http://floradobrasil.jbrj.gov.br/FB11441"},{"id":"6mfuvqgs5","label":"Wikipedia","url":"https://pt.wikipedia.org/wiki/Xylopia_sericea"}],"traits":{"n0mevc0a7":["n5cl9smc7"],"indfa34w6":["89l8ezoub"],"9pm8i0ge4":["ys1yizqzw"],"54ohgg2wh":["yq3kxmq2y"],"kjh2mhtg0":["4uxiygddq"]}},{"id":"54akvb4s3","name":"Xylopia vielana P.E.Maas","description":"Espécie endêmica do Sudeste do Brasil, caracterizada por suas folhas estritamente oblongo-lanceoladas a linear-lanceoladas, de consistência coriácea e aspecto glabro. Ocorre preferencialmente em florestas ombrófilas densas.","imageUrl":"https://picsum.photos/seed/Xylopia%20vielana%20P.E.Maas/400/300","links":[{"id":"90yv9vx3x","label":"Flora e Funga do Brasil","url":"http://floradobrasil.jbrj.gov.br/FB20785"},{"id":"nr5okgptv","label":"GBIF","url":"https://www.gbif.org/species/3157588"}],"traits":{"n0mevc0a7":["p9kmn1gs4"],"indfa34w6":["79d6aid2e"],"9pm8i0ge4":["djpwxjr47"],"54ohgg2wh":["yok1r5hcp"],"kjh2mhtg0":["y6uvfkefy"]}}]}