{"id":"zw1wb47t7","name":"Chave de Identificação de Espécies Arbóreas da Mata Atlântica em Ubatuba (SP)","description":"Esta chave de identificação foi desenvolvida para espécies do estrato arbóreo da Floresta Ombrófila Densa Submontana em Ubatuba (SP), utilizando apenas caracteres morfológicos vegetativos. Inclui características de caule, filotaxia, forma das folhas, presença ou ausência de estípulas, indumento e glândulas. Abrange 193 espécies de árvores, palmeiras e fetos arborescentes, com quatro espécies indeterminadas.","features":[{"id":"j5fcnbyve","name":"Hábito","imageUrl":"","states":[{"id":"g9qzcn8rx","label":"Feto arborescente"},{"id":"sg47f3rye","label":"Palmeira"},{"id":"ljfdw19zb","label":"Árvore"}]},{"id":"45eunu7f7","name":"Caule Ramificações","imageUrl":"","states":[{"id":"ujfabzx2s","label":"Sem ramificações"},{"id":"h9ybobulc","label":"Ramificado na porção aérea"}]},{"id":"3s7hn6ckf","name":"Caule Armadura","imageUrl":"","states":[{"id":"l6j5lvc5a","label":"Armado"},{"id":"48ot3r7z1","label":"Inerme"},{"id":"znswgngxv","label":"Com espinhos"}]},{"id":"mv9hfs8dk","name":"Caule Interior","imageUrl":"","states":[{"id":"2mgrjktfg","label":"Oco"},{"id":"gmghqkd0q","label":"Maciço"}]},{"id":"appemmxf1","name":"Caule Nós","imageUrl":"","states":[{"id":"ydgjzoyvi","label":"Com nós geniculados"},{"id":"e8q6fv1tl","label":"Sem nós geniculados"}]},{"id":"pdvz334du","name":"Extremidade dos Ramos Forma","imageUrl":"","states":[{"id":"5qqjdz426","label":"Quadrangular"},{"id":"5jn0kbwu8","label":"Cilíndrica"},{"id":"vs1cuwnm7","label":"Achatada"},{"id":"d763hmuz9","label":"Levemente quadrangular ou cilíndrica"}]},{"id":"8gkzbfbls","name":"Extremidade dos Ramos Cor e Indumento","imageUrl":"","states":[{"id":"0zswewza2","label":"Nigrescente no material seco"},{"id":"eynqmy18i","label":"Não nigrescente no material seco"},{"id":"j9uasbda6","label":"Ferrugíneo-tomentosa"},{"id":"745bkz065","label":"Ferrugíneo-lanosa"},{"id":"e47p8uf1a","label":"Dourado/amarelado-tomentulosa a glabrescente"},{"id":"okefjq13c","label":"Dourado-tomentosa"},{"id":"751bb7jde","label":"Glabrescente a glabra"},{"id":"zv9ryrx9s","label":"Amarelo-lanosa"},{"id":"0vf02ya88","label":"Lanoso-ferrugíneas"}]},{"id":"tob0mm7do","name":"Extremidade dos Ramos Padrão","imageUrl":"","states":[{"id":"b4h222yzg","label":"Reta"},{"id":"cqwexy62i","label":"Em zigue-zague"}]},{"id":"kh37izh5v","name":"Látex","imageUrl":"","states":[{"id":"smq91ogd0","label":"Presente"},{"id":"tqmlh2ogy","label":"Ausente"},{"id":"6ke2s5drv","label":"Conspícuo"},{"id":"woztgp82q","label":"Vermelho"},{"id":"x495scqcr","label":"Branco"}]},{"id":"v4tpikq5j","name":"Anisofilia na Extremidade dos Ramos","imageUrl":"","states":[{"id":"wmf3g1b3y","label":"Presente"},{"id":"jwb5zszd","label":"Ausente"}]},{"id":"e2ls4oy41","name":"Estípulas Presença","imageUrl":"","states":[{"id":"3zjp0nv4p","label":"Presentes"},{"id":"2v886cv6e","label":"Ausentes"}]},{"id":"rnw8adian","name":"Estípulas Característica","imageUrl":"","states":[{"id":"2woz6qva5","label":"Caducas"},{"id":"fddpfulaj","label":"Geralmente persistentes"},{"id":"fjku651vh","label":"Foliáceas"},{"id":"ujnpz1ycb","label":"Não foliáceas"},{"id":"btizzf4zo","label":"Membranáceas"},{"id":"h1su015lm","label":"Crassas"},{"id":"ywibfvllo","label":"Terminais conspícuas"},{"id":"krxkhleml","label":"Terminais inconspícuas"}]},{"id":"5b1pbj7ie","name":"Estípulas Apêndice Terminal","imageUrl":"","states":[{"id":"myetelzsn","label":"Denticulado"},{"id":"gacl9xcue","label":"Ausente"}]},{"id":"7o82jm2tn","name":"Estípulas Forma","imageUrl":"","states":[{"id":"azkmmnfyn","label":"Triangulares"},{"id":"1t472niqg","label":"Lanceoladas"},{"id":"r0jpwi7n5","label":"Ovadas"},{"id":"279vtwen2","label":"Deltóides"},{"id":"xg8mhxiod","label":"Amplo-ovadas"},{"id":"nznt3fhfi","label":"Bífidas"},{"id":"gdrxxknzj","label":"Inteiras"}]},{"id":"g7b7z8y7l","name":"Estípulas Comprimento","imageUrl":"","states":[{"id":"h3nd7l9j1","label":"Pelo menos 2,5 cm"},{"id":"6qwswdld8","label":"Até 2,2 cm"},{"id":"8xori3zf3","label":"Pelo menos 1,5 cm"},{"id":"6d3o4rwfn","label":"Até 1 cm"}]},{"id":"jvx27az3m","name":"Pecíolos/Peciólulos Espessamento","imageUrl":"","states":[{"id":"mv2pwxwhh","label":"Espessados na base e no ápice"},{"id":"h09qfvldv","label":"Não espessados"}]},{"id":"rljeb2gi3","name":"Pecíolos Alados","imageUrl":"","states":[{"id":"klygkqm04","label":"Curto-alados"},{"id":"qp0hivno5","label":"Não alados"}]},{"id":"xasjgn3to","name":"Pecíolos/Peciólulos Glândulas","imageUrl":"","states":[{"id":"mlssccioj","label":"Com glândulas"},{"id":"9580fzlur","label":"Sem glândulas"},{"id":"yuzmo66c6","label":"Com um par de glândulas cimbiformes no ápice ou na base"},{"id":"01j9sbumu","label":"Com glândulas discóides no ápice"},{"id":"jrf5lm8gp","label":"Com glândulas alongadas no ápice"}]},{"id":"zg96fcfh5","name":"Pecíolos Ráfides","imageUrl":"","states":[{"id":"la6fxcvxl","label":"Com ráfides"},{"id":"xazqi9t63","label":"Sem ráfides"}]},{"id":"sg4qqorc3","name":"Pecíolos Forma/Cor","imageUrl":"","states":[{"id":"5sekudgoi","label":"Achatados"},{"id":"6ypnmzmfh","label":"Cilíndricos"},{"id":"ykvd8ywso","label":"Concolores em relação ao limbo no material seco"},{"id":"ecjzzo2od","label":"Nigrescentes no material seco"}]},{"id":"qylteaj1i","name":"Pecíolos/Peciólulos Comprimento","imageUrl":"","states":[{"id":"gvtp78xgy","label":"Até 0,3 cm"},{"id":"qtqny1bca","label":"Até 0,6 cm"},{"id":"n4lbi0ye2","label":"Até 0,8 cm"},{"id":"k6v5s60zs","label":"Até 0,9 cm"},{"id":"2vcul6lwd","label":"Até 1 cm"},{"id":"ac6izq7ec","label":"Até 1,3 cm"},{"id":"joznijuzn","label":"Até 1,5 cm"},{"id":"33k38dpw5","label":"Até 2 cm"},{"id":"4smuhlgwn","label":"Pelo menos 2 cm"},{"id":"fau2fveuz","label":"Pelo menos 2,5 cm"},{"id":"gmmh2jgko","label":"Pelo menos 3,5 cm"},{"id":"zaz6stc85","label":"Pelo menos 4,5 cm"},{"id":"acfcxuja2","label":"Pelo menos 7 cm"},{"id":"w9tfxib1g","label":"7 cm"},{"id":"lfr5c3hci","label":"1-2 cm"}]},{"id":"8yjw4wr8f","name":"Filotaxia","imageUrl":"","states":[{"id":"8h8fagtkq","label":"Alternas"},{"id":"j85mgbcc0","label":"Opostas"},{"id":"9pr315coi","label":"Subopostas"},{"id":"11u59lcde","label":"Alternas e subopostas (até opostas)"},{"id":"a2x3akw6k","label":"Espiraladas"},{"id":"nyskcpjsb","label":"Dísticas"}]},{"id":"yo10aryl7","name":"Folhas Tipo","imageUrl":"","states":[{"id":"y4s5a4uhg","label":"Simples"},{"id":"rh9mlggq0","label":"Compostas"}]},{"id":"p8wq2vlum","name":"Folhas Compostas Tipo","imageUrl":"","states":[{"id":"udk8809hy","label":"Tripinatipartidas"},{"id":"6mvotxw0i","label":"Pinadas"},{"id":"xk0yfd58u","label":"Bipinadas"},{"id":"lqd6vmieb","label":"Digitadas"}]},{"id":"avhoaqgr0","name":"Folhas Compostas Número de Folíolos","imageUrl":"","states":[{"id":"91kjtbo4a","label":"2-folioladas"},{"id":"gqr3yfsf9","label":"3-folioladas"},{"id":"1mmqcmlh1","label":"Pelo menos 4 folíolos"},{"id":"71z6wocgl","label":"5 folíolos"},{"id":"8r9m8ol34","label":"6 ou mais folíolos"},{"id":"hls93ybdi","label":"6-9 folíolos"},{"id":"9zqkn5a0i","label":"9 ou mais folíolos"}]},{"id":"m5prz3tgy","name":"Folhas Simples Lobadas","imageUrl":"","states":[{"id":"sutsave5p","label":"3-5 lobadas"},{"id":"tzxav0tly","label":"Mais de 6 lobos"},{"id":"68tta0qke","label":"Não lobadas"}]},{"id":"c49g17wkj","name":"Folhas Posição","imageUrl":"","states":[{"id":"ccf2nkxl8","label":"Concentradas no ápice dos ramos"},{"id":"xerchqgew","label":"Não concentradas no ápice dos ramos"}]},{"id":"fqmqtu2hy","name":"Folíolos/Lâmina Foliar Forma","imageUrl":"","states":[{"id":"8g4cagg8a","label":"Rômbicos"},{"id":"gbka37mnw","label":"Oblongo-elípticos"},{"id":"xitmz7eub","label":"Elípticos"},{"id":"jfhrhctvj","label":"Ovais"},{"id":"3hsodlkq9","label":"Elíptico-rômbicos"},{"id":"1yd068m1k","label":"Obovais"},{"id":"2uzec1rb9","label":"Amplo-elípticas"},{"id":"b240srtde","label":"Oval-elípticas"},{"id":"tb109tbq9","label":"Elíptico-ovais"},{"id":"9fej37lif","label":"Falcadas"},{"id":"0bgth41jb","label":"Elíptico-obovais"},{"id":"npp11x4l1","label":"Ovado-orbiculares"},{"id":"yko0u8lek","label":"Oblongas"},{"id":"hv7yn3h3w","label":"Estreito-elípticas"},{"id":"48d48c4io","label":"Oboval-elípticas"},{"id":"u9le8ebn8","label":"Elíptico-oblongas"},{"id":"fxpajhpi3","label":"Oval-oblongas"}]},{"id":"tvxf7dj57","name":"Folíolos/Lâmina Foliar Ápice","imageUrl":"","states":[{"id":"fyzzuxwhz","label":"Agudo"},{"id":"ccts7fik5","label":"Acuminado"},{"id":"rcqw0emtv","label":"Curto-acuminado"},{"id":"zrv14vtfh","label":"Estreito-acuminado"},{"id":"ee2t9171k","label":"Abrupto-longo-acuminado"},{"id":"7dsunx3qp","label":"Longo-acuminado"},{"id":"gpe7axjs9","label":"Caudado"},{"id":"z1jk6hjqd","label":"Agudo a acuminado"},{"id":"iq45zde0m","label":"Agudo a cuspidado"},{"id":"6wceo7rpa","label":"Obtuso a arredondado"},{"id":"889eyr3ja","label":"Arredondado"},{"id":"q03j9eupl","label":"Emarginado"},{"id":"ceq7rkl1y","label":"Abruptamente caudado"},{"id":"2hb34rw29","label":"Longo-acuminado-falcado"}]},{"id":"y38atoosc","name":"Folíolos/Lâmina Foliar Base","imageUrl":"","states":[{"id":"bs2dlukog","label":"Atenuada"},{"id":"qtgrvfsmy","label":"Cuneada"},{"id":"5akhbep8n","label":"Assimétrica"},{"id":"nbe5m3rwa","label":"Truncada"},{"id":"v6rngdw2w","label":"Arredondada"},{"id":"oync4xotd","label":"Decurrente"},{"id":"uoo12e2e9","label":"Caudada-auriculada"},{"id":"abuzdwsar","label":"Arredondado-truncada"},{"id":"dg86kh8p4","label":"Não revoluta"},{"id":"iyglvvuyx","label":"Revoluta"}]},{"id":"8k425n0kl","name":"Folíolos/Lâmina Foliar Margem","imageUrl":"","states":[{"id":"14j36lkuf","label":"Inteira"},{"id":"xeiwqgp12","label":"Recortada"},{"id":"wdyzc4p9r","label":"Crenada"},{"id":"hk2ymir6l","label":"Serreada"},{"id":"br1nqhc6a","label":"Serrulada"},{"id":"e7mtq7mq8","label":"Denticulada"},{"id":"z35gjo3dg","label":"Glandular-serrada"},{"id":"ijgxa8oup","label":"Espinescente"},{"id":"rwy6pldd1","label":"Irregularmente denteada"},{"id":"jqyisaql5","label":"Irregular-esparso-espinescente"},{"id":"mj4ktx3us","label":"Regular-espinescente"},{"id":"fif742nmk","label":"Sem espinhos"},{"id":"91o5r4uqi","label":"Mucronulada"},{"id":"1v2cgi8qx","label":"Não mucronulada"},{"id":"hxt4u5j66","label":"Profundamente serrada"},{"id":"jh8cejzmi","label":"Glandular-crenada"}]},{"id":"7g6qkgifb","name":"Folíolos/Lâmina Foliar Textura","imageUrl":"","states":[{"id":"vmdagktb6","label":"Membranáceos"},{"id":"g61fbb5qe","label":"Cartáceos a subcoriáceos"},{"id":"mlm8q792v","label":"Membranáceas"},{"id":"fx5jityr6","label":"Coriáceas"},{"id":"6k8eiaxkt","label":"Macias"},{"id":"w0j28cukr","label":"Cartáceas a subcoriáceas"}]},{"id":"wsyb26urq","name":"Folíolos/Lâmina Foliar Tamanho (Lâmina)","imageUrl":"","states":[{"id":"phdehyqjb","label":"Até 7,5 cm compr."},{"id":"frtou8v0e","label":"Até 8,5 cm compr."},{"id":"riyvxkycq","label":"Até 10 cm compr."},{"id":"f2at9jfry","label":"Até 10,5 cm compr."},{"id":"k93465bi5","label":"Até 12 cm compr."},{"id":"4ruudn47x","label":"Até 13 cm compr."},{"id":"0pg6cafdg","label":"Até 13,5 cm compr."},{"id":"wli3ht664","label":"Até 15 cm compr."},{"id":"vjozvmtwn","label":"Até 16 cm compr."},{"id":"hvmzx3mtu","label":"Até 17 cm compr."},{"id":"ukkozv4t7","label":"Até 21 cm compr."},{"id":"lg7fekv3x","label":"Até 22 cm compr."},{"id":"p4iyk8tdw","label":"Até 24 cm compr."},{"id":"l3cj3z939","label":"Até 25 cm compr."},{"id":"7p6ikrvpp","label":"Até 30 cm compr."},{"id":"40018mpoo","label":"Até 37 cm compr."},{"id":"2dmasq59i","label":"Pelo menos 15 cm compr."},{"id":"wfcq8tstt","label":"Pelo menos 16 cm compr."},{"id":"4g4id7dez","label":"Pelo menos 17 cm compr."},{"id":"5i31pwg46","label":"Pelo menos 18,5 cm compr."},{"id":"sfzarrbri","label":"Pelo menos 20 cm compr."},{"id":"y0stcitno","label":"Pelo menos 20,5 cm compr."},{"id":"4d4tprtim","label":"Pelo menos 23 cm compr."},{"id":"phfib13yy","label":"Pelo menos 27 cm compr."},{"id":"0zz9bscax","label":"Pelo menos 30 cm compr."},{"id":"l6b6ipjuf","label":"Pelo menos 37 cm compr."}]},{"id":"h2n9ttacz","name":"Folíolos/Lâmina Foliar Manchas","imageUrl":"","states":[{"id":"jwg8c08is","label":"Com manchas avermelhadas no limbo"},{"id":"q5nx4amxq","label":"Sem manchas avermelhadas"}]},{"id":"1d8176jsc","name":"Raque","imageUrl":"","states":[{"id":"2sl05fp03","label":"Alada"},{"id":"1w3fr6nw2","label":"Sem raque alada"},{"id":"eqvqaoujx","label":"Estreito-alada por todo o comprimento"},{"id":"0x1wsik2k","label":"Estreito-alada expandindo-se para o ápice"},{"id":"vnwfc55vq","label":"Com gema terminal"},{"id":"fcdh4nyb6","label":"Sem gema terminal"},{"id":"z0n6t6xfn","label":"Com prolongamento semelhante a um folíolo atrofiado"},{"id":"7j5mhdzkj","label":"Sem prolongamento semelhante a um folíolo atrofiado"}]},{"id":"vsgcx1mk4","name":"Raque Glândulas","imageUrl":"","states":[{"id":"m1py9h4g9","label":"Com nectários extra-florais ao longo da raque nas intersecções dos peciólulos"},{"id":"iwwzpirbz","label":"Ausência de nectários extra-florais"}]},{"id":"dlccze26h","name":"Venação Geral","imageUrl":"","states":[{"id":"o5gkrxa8h","label":"Actinódroma"},{"id":"hjadpreu1","label":"Camptódroma"},{"id":"ihw8tos9w","label":"Craspedódroma"},{"id":"nn5vu5ui5","label":"Trinérvea"},{"id":"57k4ddnut","label":"Peninérvea"},{"id":"zqkz4h2xc","label":"Actinódroma basal"},{"id":"1v1mrp1rm","label":"Camptódroma ou craspedódroma"}]},{"id":"02phcjjhe","name":"Nervura Central","imageUrl":"","states":[{"id":"h8ffzpfjj","label":"Plana na face adaxial"},{"id":"vesqukw32","label":"Imersa na face adaxial"}]},{"id":"ed7vdwnn7","name":"Nervuras Secundárias Anastomoses","imageUrl":"","states":[{"id":"29lkeoty8","label":"Anastomadas em arcos conspícuos afastados da margem"},{"id":"oox0q4ck8","label":"Anastomadas próximo à margem (não arqueadas)"},{"id":"in0b2tjnl","label":"Ascendendo em ângulo agudo de 45° (arcos inconspícuos)"},{"id":"5u2b23tra","label":"Formando arcos conspícuos distantes da margem"}]},{"id":"6lq5zss4h","name":"Nervura Marginal Verdadeira","imageUrl":"","states":[{"id":"l4vr47bv1","label":"Presente"},{"id":"dr1p70089","label":"Ausente"}]},{"id":"ukgptedg8","name":"Nervuras Secundárias Visibilidade","imageUrl":"","states":[{"id":"h1nkjpzg4","label":"Conspícuas na face abaxial"},{"id":"0dfcr45m7","label":"Pouco conspícuas"}]},{"id":"aa13bn1b8","name":"Nervuras Secundárias Número","imageUrl":"","states":[{"id":"3ijs8v21y","label":"3-4 pares"},{"id":"ep3g8m54b","label":"4 pares"},{"id":"a2gcgb5f1","label":"4-5 pares"},{"id":"0ss9ic5rr","label":"4-6 pares"},{"id":"uigss3ygw","label":"5 pares"},{"id":"54l9m6kle","label":"5-8 pares"},{"id":"dtedzjjle","label":"6 pares"},{"id":"nhwbukdib","label":"6-7 pares"},{"id":"1p4lpjlry","label":"7 pares"},{"id":"7b2u2hnr1","label":"7-9 pares"},{"id":"tno88e4xj","label":"8 pares"},{"id":"ib75ui31y","label":"8-11 pares"},{"id":"qkq1954eq","label":"9-11 pares"},{"id":"bayxrls1d","label":"10 pares"},{"id":"n2z2wyvt6","label":"10-12 pares"},{"id":"k4xvd2kwu","label":"12 pares"},{"id":"c6tty2plk","label":"Até 12 pares"},{"id":"d03azaev2","label":"13 pares"},{"id":"s97wvhfyn","label":"14-16 pares"},{"id":"4p5u0eeg4","label":"15-18 pares"},{"id":"f3m8x9nz0","label":"15-20 pares"},{"id":"7f5xf5ydz","label":"16-19 pares"},{"id":"mfm7gsqq4","label":"Ca. 20 pares"},{"id":"fz7hroqbu","label":"20-30 pares"},{"id":"mprz12yt4","label":"25-40 pares"},{"id":"cvbg5jrz8","label":"Pelo menos 25 pares"},{"id":"5xwi13kim","label":"Pelo menos 12 pares"},{"id":"wp4bjs56r","label":"Mais de 30 pares"},{"id":"kfakgqrkl","label":"Numerosas"}]},{"id":"9cpsu1o0k","name":"Nervuras Secundárias Espaçamento","imageUrl":"","states":[{"id":"gnrbtbiht","label":"Ca. 0,1 cm"},{"id":"hkl1q1cjk","label":"Ca. 0,2 cm"},{"id":"gbqv0valp","label":"Ca. 0,5 cm"},{"id":"fepeiaq7l","label":"Ca. 0,7 cm"},{"id":"utf0th908","label":"Ca. 1 cm"},{"id":"ayocb04fv","label":"Ca. 1,5 cm"},{"id":"bbnz92nt1","label":"Ca. 2 cm"},{"id":"7jaylslxj","label":"0,5-1 cm"},{"id":"3bthfkhpg","label":"0,7-1 cm"}]},{"id":"gq6yb4jr5","name":"Nervuras Secundárias Padrão","imageUrl":"","states":[{"id":"pe0aechrd","label":"Paralelas"}]},{"id":"xx0ffeh5a","name":"Venação Terciária","imageUrl":"","states":[{"id":"zqoaik820","label":"Paralela"},{"id":"4aunkbotl","label":"Perpendicular à nervura principal"},{"id":"tj9nukmcm","label":"Reticulada"},{"id":"e3zlvgmw6","label":"Inconspícua"},{"id":"2qgmnj2n9","label":"Conspícua"},{"id":"82ibwn24i","label":"Formando retículos conspícuos"}]},{"id":"dmr90fe3a","name":"Espaçamento Nervuras Secundárias e Terciárias","imageUrl":"","states":[{"id":"c16eebc5e","label":"Ca. 0,5 cm, conspícuas"},{"id":"6w3augjym","label":"Ca. 1 cm, venação terciária inconspícua"}]},{"id":"2tphr9uec","name":"Domácias Presença","imageUrl":"","states":[{"id":"24750ibgn","label":"Presentes"},{"id":"qsk6962nu","label":"Ausentes"},{"id":"drn9gnz51","label":"Na face abaxial"},{"id":"ihxhojnp6","label":"Nas axilas da nervura central"}]},{"id":"yg1ef1eg8","name":"Domácias Tipo","imageUrl":"","states":[{"id":"0idmk0664","label":"Em fenda"},{"id":"uzpxihvg9","label":"Com tricomas"},{"id":"47a3hdh7t","label":"Ferrugíneo-tomentosas"},{"id":"tipx0qu9m","label":"Puntiformes na face abaxial"}]},{"id":"30gcwfbvh","name":"Indumento Geral Folhas","imageUrl":"","states":[{"id":"t00929q5l","label":"Glabras"},{"id":"000zet178","label":"Glabrescentes"},{"id":"carsxkpog","label":"Tomentulosas"},{"id":"lu7y00u65","label":"Denso-tomentosas"},{"id":"cr9d149z5","label":"Ferrugíneo-tomentulosos nas duas faces"},{"id":"mjqktf3ug","label":"Com tricomas estrelados"},{"id":"kp08h9wil","label":"Com tricomas lepidotos"},{"id":"b3v0scbht","label":"Com tricomas simples"},{"id":"nk4e7wq6h","label":"Com tricomas estrigosos"},{"id":"fu4phvkuw","label":"Lanoso-ferrugíneas"},{"id":"vh14l9vsp","label":"Dourado-serícea na face abaxial"},{"id":"w9jbwqors","label":"Ferrugíneo-pubescente na face abaxial da lâmina"},{"id":"c2s0m4ol0","label":"Lanuginosas"},{"id":"y72fjey1e","label":"Velutina na face abaxial"},{"id":"j58qq0c0c","label":"Com tricomas reluzentes na face abaxial"},{"id":"mozez8t55","label":"Com tricomas não reluzentes na face abaxial"},{"id":"adj02kvq6","label":"Denso-estrelados"},{"id":"vtu6poexs","label":"Esparso-estrelada na face abaxial"},{"id":"frt05diu0","label":"Indumento pardo ou ferrugíneo, adensado"},{"id":"ffgkww84l","label":"Com tricomas ferrugíneos"},{"id":"vn1s0b4be","label":"Com tricomas pardos"},{"id":"dca7t5hdy","label":"Com tricomas simples ou lepidotos"}]},{"id":"midkdh8wj","name":"Pontuações Presença","imageUrl":"","states":[{"id":"y1s5kjg8p","label":"Presentes"},{"id":"hwiur5az5","label":"Ausentes"},{"id":"uywe56waf","label":"Numerosas"},{"id":"l29w18ji3","label":"Dispersas por toda a lâmina"},{"id":"dhcs2ok31","label":"Visíveis contra a luz"},{"id":"h865uyaqo","label":"Visíveis com auxílio de lupa"}]},{"id":"aujdjj05c","name":"Pontuações Cor","imageUrl":"","states":[{"id":"qqxr26ksx","label":"Amarronzadas"},{"id":"sohfgers6","label":"Vináceas na face abaxial"},{"id":"iid3mvor9","label":"Hialinas na face abaxial"},{"id":"rxiaah84u","label":"Opacas"},{"id":"4y9k1ztn8","label":"Translúcidas"},{"id":"w28h6m495","label":"Avermelhadas"},{"id":"kz7ql3s55","label":"Nigrescentes"}]},{"id":"csg8w0gas","name":"Coloração Folhas Material Seco","imageUrl":"","states":[{"id":"c9mwo6nij","label":"Nigrescentes"},{"id":"yr6dh6aru","label":"Verdes ou marrom-esverdeadas"},{"id":"21kra9vle","label":"Concolores"},{"id":"9hlzvzi1t","label":"Discolores"},{"id":"igadkjey6","label":"Esbranquiçada na face abaxial"},{"id":"swwdx8nj9","label":"Glauca na face adaxial"},{"id":"8bsqwz0gj","label":"Não glauca na face adaxial"},{"id":"8kbn1jpth","label":"Amarronzadas"},{"id":"jvlkbi7xk","label":"Marrom-esverdeadas"}]}],"entities":[{"id":"nndmaxrzs","name":"Cyathea hirsuta","description":"Feto arborescente com caule sem ramificações e folhas compostas, cujas pínulas possuem margem recortada.","imageUrl":"https://picsum.photos/seed/Cyathea%20hirsuta/400/300","traits":{"j5fcnbyve":["g9qzcn8rx"],"45eunu7f7":["ujfabzx2s"],"yo10aryl7":["rh9mlggq0"]}},{"id":"cnjp6lxi0","name":"Alsophila sternbergii","description":"Feto arborescente com caule sem ramificações e folhas compostas com pínulas de margem inteira. Possui escamas de até 1,5 x 0,1 cm, conferindo aspecto lanoso à base do pecíolo.","imageUrl":"https://picsum.photos/seed/Alsophila%20sternbergii/400/300","traits":{"j5fcnbyve":["g9qzcn8rx"],"45eunu7f7":["ujfabzx2s"],"yo10aryl7":["rh9mlggq0"]}},{"id":"xg8lhplt6","name":"Cyathea phalerata","description":"Feto arborescente com caule sem ramificações e folhas compostas com pínulas de margem inteira. Apresenta escamas de cerca de 2,5 x 0,4 cm na base do pecíolo.","imageUrl":"https://picsum.photos/seed/Cyathea%20phalerata/400/300","traits":{"j5fcnbyve":["g9qzcn8rx"],"45eunu7f7":["ujfabzx2s"],"yo10aryl7":["rh9mlggq0"]}},{"id":"bz5azv19n","name":"Astrocaryum aculeatissimum","description":"Palmeira com caule e folhas com espinhos, inerme.","imageUrl":"https://picsum.photos/seed/Astrocaryum%20aculeatissimum/400/300","traits":{"j5fcnbyve":["sg47f3rye"],"45eunu7f7":["ujfabzx2s"],"3s7hn6ckf":["znswgngxv"],"yo10aryl7":["rh9mlggq0"],"p8wq2vlum":["6mvotxw0i"]}},{"id":"6q54nxciz","name":"Euterpe edulis","description":"Palmeira inerme com folhas pinadas, onde as pinas não estão agrupadas ao longo da raque.","imageUrl":"https://picsum.photos/seed/Euterpe%20edulis/400/300","traits":{"j5fcnbyve":["sg47f3rye"],"45eunu7f7":["ujfabzx2s"],"3s7hn6ckf":["48ot3r7z1"],"yo10aryl7":["rh9mlggq0"],"p8wq2vlum":["6mvotxw0i"]}},{"id":"bpqxwwrdz","name":"Syagrus pseudococos","description":"Palmeira inerme com folhas pinadas, onde as pinas estão distribuídas em grupos de 2 a 4 ao longo da raque.","imageUrl":"https://picsum.photos/seed/Syagrus%20pseudococos/400/300","traits":{"j5fcnbyve":["sg47f3rye"],"45eunu7f7":["ujfabzx2s"],"3s7hn6ckf":["48ot3r7z1"],"yo10aryl7":["rh9mlggq0"],"p8wq2vlum":["6mvotxw0i"]}},{"id":"61nhte84l","name":"Jacaratia spinosa","description":"Árvore armada com caule ramificado e folhas compostas digitadas.","imageUrl":"https://picsum.photos/seed/Jacaratia%20spinosa/400/300","traits":{"j5fcnbyve":["ljfdw19zb"],"45eunu7f7":["h9ybobulc"],"3s7hn6ckf":["l6j5lvc5a"],"yo10aryl7":["rh9mlggq0"],"p8wq2vlum":["lqd6vmieb"]}},{"id":"5mx2h4f4j","name":"Pseudopiptadenia leptostachya","description":"Árvore armada com caule ramificado e folhas bipinadas. Os folíolos são rômbicos, com margem inteira e sem pontuações.","imageUrl":"https://picsum.photos/seed/Pseudopiptadenia%20leptostachya/400/300","traits":{"j5fcnbyve":["ljfdw19zb"],"45eunu7f7":["h9ybobulc"],"3s7hn6ckf":["l6j5lvc5a"],"yo10aryl7":["rh9mlggq0"],"p8wq2vlum":["xk0yfd58u"],"fqmqtu2hy":["8g4cagg8a"],"8k425n0kl":["14j36lkuf"],"midkdh8wj":["hwiur5az5"]}},{"id":"klcik87p8","name":"Zanthoxylum fagara","description":"Árvore armada com caule ramificado e folhas pinadas. Os folíolos são oblongo-elípticos ou elípticos, com margem crenada e pontuações translúcidas.","imageUrl":"https://picsum.photos/seed/Zanthoxylum%20fagara/400/300","traits":{"j5fcnbyve":["ljfdw19zb"],"45eunu7f7":["h9ybobulc"],"3s7hn6ckf":["l6j5lvc5a"],"yo10aryl7":["rh9mlggq0"],"p8wq2vlum":["6mvotxw0i"],"8k425n0kl":["wdyzc4p9r"]}},{"id":"942c4ydm9","name":"Hymenaea courbaril var. altissima","description":"Árvore inerme com caule ramificado e folhas compostas 2-folioladas.","imageUrl":"https://picsum.photos/seed/Hymenaea%20courbaril%20var.%20altissima/400/300","traits":{"j5fcnbyve":["ljfdw19zb"],"45eunu7f7":["h9ybobulc"],"3s7hn6ckf":["48ot3r7z1"],"yo10aryl7":["rh9mlggq0"]}},{"id":"1fip9ymbn","name":"Allophylus petiolulatus","description":"Árvore inerme com caule ramificado e folhas compostas 3-folioladas.","imageUrl":"https://picsum.photos/seed/Allophylus%20petiolulatus/400/300","traits":{"j5fcnbyve":["ljfdw19zb"],"45eunu7f7":["h9ybobulc"],"3s7hn6ckf":["48ot3r7z1"],"yo10aryl7":["rh9mlggq0"]}},{"id":"3mblcza1x","name":"Tabebuia serratifolia","description":"Árvore inerme com caule ramificado e folhas compostas digitadas. Possui 5 folíolos com margem serreada ou serrada.","imageUrl":"https://picsum.photos/seed/Tabebuia%20serratifolia/400/300","traits":{"j5fcnbyve":["ljfdw19zb"],"45eunu7f7":["h9ybobulc"],"3s7hn6ckf":["48ot3r7z1"],"yo10aryl7":["rh9mlggq0"],"p8wq2vlum":["lqd6vmieb"],"avhoaqgr0":["71z6wocgl"]}},{"id":"e4xrtlrs1","name":"Eriotheca pentaphylla","description":"Árvore inerme com caule ramificado e folhas compostas digitadas. Possui 6-9 folíolos com margem inteira.","imageUrl":"https://picsum.photos/seed/Eriotheca%20pentaphylla/400/300","traits":{"j5fcnbyve":["ljfdw19zb"],"45eunu7f7":["h9ybobulc"],"3s7hn6ckf":["48ot3r7z1"],"yo10aryl7":["rh9mlggq0"],"p8wq2vlum":["lqd6vmieb"],"avhoaqgr0":["hls93ybdi"],"8k425n0kl":["14j36lkuf"]}},{"id":"jprvoornf","name":"Schefflera angustissima","description":"Árvore inerme com caule ramificado e folhas compostas digitadas. Possui 9 ou mais folíolos discolores, com a face abaxial ocráceo-velutina.","imageUrl":"https://picsum.photos/seed/Schefflera%20angustissima/400/300","traits":{"j5fcnbyve":["ljfdw19zb"],"45eunu7f7":["h9ybobulc"],"3s7hn6ckf":["48ot3r7z1"],"yo10aryl7":["rh9mlggq0"],"p8wq2vlum":["lqd6vmieb"],"avhoaqgr0":["9zqkn5a0i"]}},{"id":"n12fbw19l","name":"Schefflera calva","description":"Árvore inerme com caule ramificado e folhas compostas digitadas. Possui 9 ou mais folíolos concolores, com tricomas esparsos nas duas faces.","imageUrl":"https://picsum.photos/seed/Schefflera%20calva/400/300","traits":{"j5fcnbyve":["ljfdw19zb"],"45eunu7f7":["h9ybobulc"],"3s7hn6ckf":["48ot3r7z1"],"yo10aryl7":["rh9mlggq0"],"p8wq2vlum":["lqd6vmieb"]}},{"id":"su2s5x11m","name":"Piptadenia paniculata","description":"Árvore inerme com caule ramificado e folhas compostas bipinadas.","imageUrl":"https://picsum.photos/seed/Piptadenia%20paniculata/400/300","traits":{"j5fcnbyve":["ljfdw19zb"],"45eunu7f7":["h9ybobulc"],"3s7hn6ckf":["48ot3r7z1"],"yo10aryl7":["rh9mlggq0"],"p8wq2vlum":["xk0yfd58u"]}},{"id":"js50qbsjf","name":"Swartzia langsdorfii","description":"Árvore inerme com caule ramificado e folhas compostas pinadas com raque alada, sem nectários extra-florais.","imageUrl":"https://picsum.photos/seed/Swartzia%20langsdorfii/400/300","traits":{"j5fcnbyve":["ljfdw19zb"],"45eunu7f7":["h9ybobulc"],"3s7hn6ckf":["48ot3r7z1"],"yo10aryl7":["rh9mlggq0"],"p8wq2vlum":["6mvotxw0i"],"1d8176jsc":["2sl05fp03"],"vsgcx1mk4":["iwwzpirbz"]}},{"id":"30f8r2dve","name":"Inga capitata","description":"Árvore inerme com caule ramificado e folhas compostas pinadas com raque alada. Possui nectários extra-florais na raque, 4 folíolos. A raque é estreito-alada por todo o comprimento, com base dos folíolos atenuada e 6-9 pares de nervuras secundárias.","imageUrl":"https://picsum.photos/seed/Inga%20capitata/400/300","traits":{"j5fcnbyve":["ljfdw19zb"],"45eunu7f7":["h9ybobulc"],"3s7hn6ckf":["48ot3r7z1"],"yo10aryl7":["rh9mlggq0"],"p8wq2vlum":["6mvotxw0i"],"1d8176jsc":["2sl05fp03","eqvqaoujx"],"vsgcx1mk4":["m1py9h4g9"],"y38atoosc":["bs2dlukog"]}},{"id":"dwtqo1qkj","name":"Inga marginata","description":"Árvore inerme com caule ramificado e folhas compostas pinadas com raque alada. Possui nectários extra-florais na raque, 4 folílios. A raque é estreito-alada, expandindo-se para o ápice, com base dos folíolos cuneada e 4-6 pares de nervuras secundárias.","imageUrl":"https://picsum.photos/seed/Inga%20marginata/400/300","traits":{"j5fcnbyve":["ljfdw19zb"],"45eunu7f7":["h9ybobulc"],"3s7hn6ckf":["48ot3r7z1"],"yo10aryl7":["rh9mlggq0"],"p8wq2vlum":["6mvotxw0i"],"1d8176jsc":["2sl05fp03","0x1wsik2k"],"vsgcx1mk4":["m1py9h4g9"],"y38atoosc":["qtgrvfsmy"],"aa13bn1b8":["0ss9ic5rr"]}},{"id":"57u0mk12u","name":"Inga edulis","description":"Árvore inerme com caule ramificado e folhas compostas pinadas com raque alada. Possui nectários extra-florais na raque e 6 ou mais folíolos. Os folíolos são ferrugíneo-tomentulosos nas duas faces, com 15 pares de nervuras secundárias.","imageUrl":"https://picsum.photos/seed/Inga%20edulis/400/300","traits":{"j5fcnbyve":["ljfdw19zb"],"45eunu7f7":["h9ybobulc"],"3s7hn6ckf":["48ot3r7z1"],"yo10aryl7":["rh9mlggq0"],"p8wq2vlum":["6mvotxw0i"],"1d8176jsc":["2sl05fp03"],"vsgcx1mk4":["m1py9h4g9"],"avhoaqgr0":["8r9m8ol34"],"30gcwfbvh":["cr9d149z5"]}},{"id":"setk744vv","name":"Inga grazielae","description":"Árvore inerme com caule ramificado e folhas compostas pinadas com raque alada. Possui nectários extra-florais na raque e 6 ou mais folíolos. Os folíolos são glabrescentes, com até 12 pares de nervuras secundárias.","imageUrl":"https://picsum.photos/seed/Inga%20grazielae/400/300","traits":{"j5fcnbyve":["ljfdw19zb"],"45eunu7f7":["h9ybobulc"],"3s7hn6ckf":["48ot3r7z1"],"yo10aryl7":["rh9mlggq0"],"p8wq2vlum":["6mvotxw0i"],"1d8176jsc":["2sl05fp03"],"vsgcx1mk4":["m1py9h4g9"],"30gcwfbvh":["000zet178"],"aa13bn1b8":["c6tty2plk"]}},{"id":"57nb8ww10","name":"Myrocarpus frondosus","description":"Árvore inerme com caule ramificado e folhas compostas pinadas sem raque alada. Possui folíolos alternos com pontuações translúcidas, numerosas e dispersas por toda a lâmina, visíveis contra a luz.","imageUrl":"https://picsum.photos/seed/Myrocarpus%20frondosus/400/300","traits":{"j5fcnbyve":["ljfdw19zb"],"45eunu7f7":["h9ybobulc"],"3s7hn6ckf":["48ot3r7z1"],"yo10aryl7":["rh9mlggq0"],"p8wq2vlum":["6mvotxw0i"],"1d8176jsc":["1w3fr6nw2"]}},{"id":"5k02i6rkv","name":"Cupania oblongifolia","description":"Árvore inerme com caule ramificado e folhas compostas pinadas sem raque alada. Possui folíolos alternos sem pontuações, obovais, com ápice arredondado (às vezes emarginado) e margem irregularmente denteada no terço superior.","imageUrl":"https://picsum.photos/seed/Cupania%20oblongifolia/400/300","traits":{"j5fcnbyve":["ljfdw19zb"],"45eunu7f7":["h9ybobulc"],"3s7hn6ckf":["48ot3r7z1"],"yo10aryl7":["rh9mlggq0"],"p8wq2vlum":["6mvotxw0i"],"1d8176jsc":["1w3fr6nw2"],"midkdh8wj":["hwiur5az5"],"fqmqtu2hy":["1yd068m1k"]}},{"id":"gafavrxn3","name":"Pterocarpus rohrii","description":"Árvore inerme com caule ramificado e folhas compostas pinadas sem raque alada. Possui folíolos alternos, sem pontuações, elípticos a oblongo-elípticos, com margem inteira e raque sem gema terminal ou prolongamento semelhante a um folíolo atrofiado.","imageUrl":"https://picsum.photos/seed/Pterocarpus%20rohrii/400/300","traits":{"j5fcnbyve":["ljfdw19zb"],"45eunu7f7":["h9ybobulc"],"3s7hn6ckf":["48ot3r7z1"],"yo10aryl7":["rh9mlggq0"],"p8wq2vlum":["6mvotxw0i"],"1d8176jsc":["1w3fr6nw2"],"midkdh8wj":["hwiur5az5"],"8k425n0kl":["14j36lkuf"]}},{"id":"g8o3npjan","name":"Guarea macrophylla","description":"Árvore inerme com caule ramificado e folhas compostas pinadas sem raque alada. Possui folíolos alternos, sem pontuações, elípticos a oblongo-elípticos, com margem inteira e raque com gema terminal. Os folíolos medem 11 x 3,5 cm.","imageUrl":"https://picsum.photos/seed/Guarea%20macrophylla/400/300","traits":{"j5fcnbyve":["ljfdw19zb"],"45eunu7f7":["h9ybobulc"],"3s7hn6ckf":["48ot3r7z1"],"yo10aryl7":["rh9mlggq0"],"p8wq2vlum":["6mvotxw0i"],"1d8176jsc":["1w3fr6nw2","vnwfc55vq"],"midkdh8wj":["hwiur5az5"],"8k425n0kl":["14j36lkuf"]}},{"id":"qj6ld5c6o","name":"Matayba intermedia","description":"Árvore inerme com caule ramificado e folhas compostas pinadas sem raque alada. Possui folíolos alternos, sem pontuações, elípticos a oblongo-elípticos, com margem inteira e raque com prolongamento semelhante a um folíolo atrofiado e oposto ao folíolo terminal. Os folíolos medem 20 x 6 cm.","imageUrl":"https://picsum.photos/seed/Matayba%20intermedia/400/300","traits":{"j5fcnbyve":["ljfdw19zb"],"45eunu7f7":["h9ybobulc"],"3s7hn6ckf":["48ot3r7z1"],"yo10aryl7":["rh9mlggq0"],"p8wq2vlum":["6mvotxw0i"],"1d8176jsc":["1w3fr6nw2"],"midkdh8wj":["hwiur5az5"],"8k425n0kl":["14j36lkuf"]}},{"id":"dx1pqb5n2","name":"Copaifera langsdorfii","description":"Árvore inerme com caule ramificado e folhas compostas pinadas sem raque alada. Possui folíolos opostos ou subopostos, com pontuações translúcidas numerosas, dispersas por toda a lâmina e visíveis contra a luz.","imageUrl":"https://picsum.photos/seed/Copaifera%20langsdorfii/400/300","traits":{"j5fcnbyve":["ljfdw19zb"],"45eunu7f7":["h9ybobulc"],"3s7hn6ckf":["48ot3r7z1"],"yo10aryl7":["rh9mlggq0"],"p8wq2vlum":["6mvotxw0i"],"1d8176jsc":["1w3fr6nw2"]}},{"id":"l035gbfcd","name":"Cupania furfuracea","description":"Árvore inerme com caule ramificado e folhas compostas pinadas sem raque alada. Possui folíolos opostos ou subopostos, sem pontuações, com domácias ferrugíneo-tomentosas nas axilas da nervura central. A margem é profundamente serrada e o indumento ferrugíneo na face abaxial.","imageUrl":"https://picsum.photos/seed/Cupania%20furfuracea/400/300","traits":{"j5fcnbyve":["ljfdw19zb"],"45eunu7f7":["h9ybobulc"],"3s7hn6ckf":["48ot3r7z1"],"yo10aryl7":["rh9mlggq0"],"p8wq2vlum":["6mvotxw0i"],"1d8176jsc":["1w3fr6nw2"],"midkdh8wj":["hwiur5az5"],"2tphr9uec":["ihxhojnp6"],"yg1ef1eg8":["47a3hdh7t"],"8k425n0kl":["hxt4u5j66"]}},{"id":"vt3bmpi8m","name":"Cabralea canjerana","description":"Árvore inerme com caule ramificado e folhas compostas pinadas sem raque alada. Possui folíolos opostos ou subopostos, sem pontuações, com domácias ferrugíneo-tomentosas nas axilas da nervura central. A margem é inteira e os folíolos são glabrescentes.","imageUrl":"https://picsum.photos/seed/Cabralea%20canjerana/400/300","traits":{"j5fcnbyve":["ljfdw19zb"],"45eunu7f7":["h9ybobulc"],"3s7hn6ckf":["48ot3r7z1"],"yo10aryl7":["rh9mlggq0"],"p8wq2vlum":["6mvotxw0i"],"1d8176jsc":["1w3fr6nw2"],"midkdh8wj":["hwiur5az5"],"2tphr9uec":["ihxhojnp6"],"yg1ef1eg8":["47a3hdh7t"],"8k425n0kl":["14j36lkuf"],"30gcwfbvh":["000zet178"]}},{"id":"mmalg1jyf","name":"Dahlstedtia pinnata","description":"Árvore inerme com caule ramificado e folhas compostas pinadas sem raque alada. Possui folíolos opostos ou subopostos, sem pontuações e sem domácias. Os folíolos são ovados ou elíptico-oblongos, com ápice abruptamente caudado e medem cerca de 20 x 8 cm.","imageUrl":"https://picsum.photos/seed/Dahlstedtia%20pinnata/400/300","traits":{"j5fcnbyve":["ljfdw19zb"],"45eunu7f7":["h9ybobulc"],"3s7hn6ckf":["48ot3r7z1"],"yo10aryl7":["rh9mlggq0"],"p8wq2vlum":["6mvotxw0i"],"1d8176jsc":["1w3fr6nw2"],"midkdh8wj":["hwiur5az5"],"2tphr9uec":["qsk6962nu"],"tvxf7dj57":["ceq7rkl1y"]}},{"id":"0by5465hz","name":"Swartzia oblata","description":"Árvore inerme com caule ramificado e folhas compostas pinadas sem raque alada. Possui folíolos opostos ou subopostos, sem pontuações e sem domácias. Os folíolos são oblongos, elípticos ou elíptico-rômbicos (até 17 x 4,5 cm), com 15-18 pares de nervuras secundárias.","imageUrl":"https://picsum.photos/seed/Swartzia%20oblata/400/300","traits":{"j5fcnbyve":["ljfdw19zb"],"45eunu7f7":["h9ybobulc"],"3s7hn6ckf":["48ot3r7z1"],"yo10aryl7":["rh9mlggq0"],"p8wq2vlum":["6mvotxw0i"],"1d8176jsc":["1w3fr6nw2"],"midkdh8wj":["hwiur5az5"],"2tphr9uec":["qsk6962nu"],"aa13bn1b8":["4p5u0eeg4"]}},{"id":"80533s0mm","name":"Protium kleinii","description":"Árvore inerme com caule ramificado e folhas compostas pinadas sem raque alada. Possui folíolos opostos ou subopostos, sem pontuações e sem domácias. Os folíolos são elípticos ou elíptico-rômbicos (até 17 x 4,5 cm), com até 12 pares de nervuras secundárias. Peciólulos medem 1,5-4,5 cm de comprimento e os folíolos são 5.","imageUrl":"https://picsum.photos/seed/Protium%20kleinii/400/300","traits":{"j5fcnbyve":["ljfdw19zb"],"45eunu7f7":["h9ybobulc"],"3s7hn6ckf":["48ot3r7z1"],"yo10aryl7":["rh9mlggq0"],"p8wq2vlum":["6mvotxw0i"],"1d8176jsc":["1w3fr6nw2"],"midkdh8wj":["hwiur5az5"],"2tphr9uec":["qsk6962nu"],"aa13bn1b8":["c6tty2plk"],"avhoaqgr0":["71z6wocgl"]}},{"id":"vp8n5km8i","name":"Lonchocarpus cultratus","description":"Árvore inerme com caule ramificado e folhas compostas pinadas sem raque alada. Possui folíolos opostos ou subopostos, sem pontuações e sem domácias. Os folíolos são elípticos ou elíptico-rômbicos (até 17 x 4,5 cm), com até 12 pares de nervuras secundárias. Peciólulos medem 0,3 cm de comprimento e os folíolos são membranáceos.","imageUrl":"https://picsum.photos/seed/Lonchocarpus%20cultratus/400/300","traits":{"j5fcnbyve":["ljfdw19zb"],"45eunu7f7":["h9ybobulc"],"3s7hn6ckf":["48ot3r7z1"],"yo10aryl7":["rh9mlggq0"],"p8wq2vlum":["6mvotxw0i"],"1d8176jsc":["1w3fr6nw2"],"midkdh8wj":["hwiur5az5"],"2tphr9uec":["qsk6962nu"],"aa13bn1b8":["c6tty2plk"],"qylteaj1i":["2vcul6lwd"],"avhoaqgr0":["8r9m8ol34"],"7g6qkgifb":["vmdagktb6"]}},{"id":"2onf19eaw","name":"Tachigali denudata","description":"Árvore inerme com caule ramificado e folhas compostas pinadas sem raque alada. Possui folíolos opostos ou subopostos, sem pontuações e sem domácias. Os folíolos são elípticos ou elíptico-rômbicos (até 17 x 4,5 cm), com até 12 pares de nervuras secundárias. Peciólulos medem 1 cm de comprimento e os folíolos são cartáceos a subcoriáceos.","imageUrl":"https://picsum.photos/seed/Tachigali%20denudata/400/300","traits":{"j5fcnbyve":["ljfdw19zb"],"45eunu7f7":["h9ybobulc"],"3s7hn6ckf":["48ot3r7z1"],"yo10aryl7":["rh9mlggq0"],"p8wq2vlum":["6mvotxw0i"],"1d8176jsc":["1w3fr6nw2"],"midkdh8wj":["hwiur5az5"],"2tphr9uec":["qsk6962nu"],"aa13bn1b8":["c6tty2plk"],"qylteaj1i":["2vcul6lwd"],"7g6qkgifb":["g61fbb5qe"]}},{"id":"voz5m24di","name":"Sloanea guianensis","description":"Árvore com caule ramificado e folhas simples, opostas, subopostas, ou alternas. Os pecíolos são espessados na base e no ápice.","imageUrl":"https://picsum.photos/seed/Sloanea%20guianensis/400/300","traits":{"j5fcnbyve":["ljfdw19zb"],"45eunu7f7":["h9ybobulc"],"yo10aryl7":["y4s5a4uhg"],"jvx27az3m":["mv2pwxwhh"],"8yjw4wr8f":["11u59lcde"]}},{"id":"gcd8c6nzj","name":"Salacia grandifolia","description":"Árvore com caule ramificado e folhas simples, opostas. Possui estípulas caducas e pecíolos não espessados (0,5 cm de largura). A lâmina mede pelo menos 23 x 10,5 cm.","imageUrl":"https://picsum.photos/seed/Salacia%20grandifolia/400/300","traits":{"j5fcnbyve":["ljfdw19zb"],"45eunu7f7":["h9ybobulc"],"yo10aryl7":["y4s5a4uhg"],"8yjw4wr8f":["j85mgbcc0"],"jvx27az3m":["h09qfvldv"],"rnw8adian":["2woz6qva5"]}},{"id":"w14vnenph","name":"Tontelea aff. fluminensis","description":"Árvore com caule ramificado e folhas simples, opostas. Possui estípulas caducas e pecíolos não espessados (0,2 cm de largura). A lâmina mede até 17 x 7,5 cm.","imageUrl":"https://picsum.photos/seed/Tontelea%20aff.%20fluminensis/400/300","traits":{"j5fcnbyve":["ljfdw19zb"],"45eunu7f7":["h9ybobulc"],"yo10aryl7":["y4s5a4uhg"],"8yjw4wr8f":["j85mgbcc0"],"jvx27az3m":["h09qfvldv"],"rnw8adian":["2woz6qva5"]}},{"id":"i6fifgti1","name":"Quiina glaziovii","description":"Árvore com caule ramificado e folhas simples, opostas. Possui estípulas geralmente persistentes e foliáceas, com pecíolos não espessados.","imageUrl":"https://picsum.photos/seed/Quiina%20glaziovii/400/300","traits":{"j5fcnbyve":["ljfdw19zb"],"45eunu7f7":["h9ybobulc"],"yo10aryl7":["y4s5a4uhg"],"8yjw4wr8f":["j85mgbcc0"],"jvx27az3m":["h09qfvldv"],"rnw8adian":["fddpfulaj","fjku651vh"]}},{"id":"6soyxuojw","name":"Bathysa australis","description":"Árvore com caule ramificado, com extremidade dos ramos quadrangular. Possui estípulas persistentes e não foliáceas, com pelo menos 2,5 cm de comprimento. Os pecíolos medem 7 cm de comprimento. As folhas são denso-tomentulosas na face abaxial e sem pontuações.","imageUrl":"https://picsum.photos/seed/Bathysa%20australis/400/300","traits":{"j5fcnbyve":["ljfdw19zb"],"45eunu7f7":["h9ybobulc"],"pdvz334du":["5qqjdz426"],"rnw8adian":["fddpfulaj","ujnpz1ycb"],"g7b7z8y7l":["h3nd7l9j1"],"qylteaj1i":["w9tfxib1g"],"yo10aryl7":["y4s5a4uhg"],"8yjw4wr8f":["j85mgbcc0"],"midkdh8wj":["hwiur5az5"]}},{"id":"vitbur7ph","name":"Rustia formosa","description":"Árvore com caule ramificado, com extremidade dos ramos cilíndrica. Possui estípulas persistentes e não foliáceas, com pelo menos 2,5 cm de comprimento. Os pecíolos medem até 3 cm de comprimento. As folhas são tomentulosas a glabrescentes na face abaxial e com pontuações translúcidas.","imageUrl":"https://picsum.photos/seed/Rustia%20formosa/400/300","traits":{"j5fcnbyve":["ljfdw19zb"],"45eunu7f7":["h9ybobulc"],"pdvz334du":["5jn0kbwu8"],"rnw8adian":["fddpfulaj","ujnpz1ycb"],"g7b7z8y7l":["h3nd7l9j1"],"yo10aryl7":["y4s5a4uhg"],"8yjw4wr8f":["j85mgbcc0"]}},{"id":"1bmksco2j","name":"Bathysa mendoncaei","description":"Árvore com caule ramificado, com extremidade dos ramos cilíndrica. Possui estípulas persistentes, não foliáceas, triangulares ou lanceoladas, com pelo menos 1,5 cm de comprimento. As folhas são elípticas e com domácias.","imageUrl":"https://picsum.photos/seed/Bathysa%20mendoncaei/400/300","traits":{"j5fcnbyve":["ljfdw19zb"],"45eunu7f7":["h9ybobulc"],"pdvz334du":["5jn0kbwu8"],"rnw8adian":["fddpfulaj","ujnpz1ycb"],"7o82jm2tn":["azkmmnfyn","1t472niqg"],"g7b7z8y7l":["8xori3zf3"],"yo10aryl7":["y4s5a4uhg"],"8yjw4wr8f":["j85mgbcc0"],"2tphr9uec":["24750ibgn"]}},{"id":"n545g61nt","name":"Bathysa stipulata","description":"Árvore com caule ramificado, com extremidade dos ramos quadrangular. Possui estípulas persistentes, não foliáceas, triangulares ou lanceoladas, com pelo menos 1,5 cm de comprimento. As folhas são amplo-elípticas e sem domácias.","imageUrl":"https://picsum.photos/seed/Bathysa%20stipulata/400/300","traits":{"j5fcnbyve":["ljfdw19zb"],"45eunu7f7":["h9ybobulc"],"pdvz334du":["5qqjdz426"],"rnw8adian":["fddpfulaj","ujnpz1ycb"],"7o82jm2tn":["azkmmnfyn","1t472niqg"],"g7b7z8y7l":["8xori3zf3"],"yo10aryl7":["y4s5a4uhg"],"8yjw4wr8f":["j85mgbcc0"],"fqmqtu2hy":["2uzec1rb9"],"2tphr9uec":["qsk6962nu"]}},{"id":"t8szzq48f","name":"Coussarea meridionalis var. porophylla","description":"Árvore com caule ramificado. Possui estípulas persistentes, não foliáceas, triangulares ou lanceoladas, com até 1 cm de comprimento. As folhas apresentam domácias em fenda na face abaxial.","imageUrl":"https://picsum.photos/seed/Coussarea%20meridionalis%20var.%20porophylla/400/300","traits":{"j5fcnbyve":["ljfdw19zb"],"45eunu7f7":["h9ybobulc"],"rnw8adian":["fddpfulaj","ujnpz1ycb"],"7o82jm2tn":["azkmmnfyn","1t472niqg"],"g7b7z8y7l":["6d3o4rwfn"],"yo10aryl7":["y4s5a4uhg"],"8yjw4wr8f":["j85mgbcc0"],"2tphr9uec":["drn9gnz51"],"yg1ef1eg8":["0idmk0664"]}},{"id":"s29p2oiym","name":"Randia sp. 1","description":"Árvore com caule ramificado. Possui estípulas persistentes, não foliáceas, triangulares ou lanceoladas, com até 1 cm de comprimento. As folhas apresentam domácias com tricomas na face abaxial e 7 pares de nervuras secundárias.","imageUrl":"https://picsum.photos/seed/Randia%20sp.%201/400/300","traits":{"j5fcnbyve":["ljfdw19zb"],"45eunu7f7":["h9ybobulc"],"rnw8adian":["fddpfulaj","ujnpz1ycb"],"7o82jm2tn":["azkmmnfyn","1t472niqg"],"g7b7z8y7l":["6d3o4rwfn"],"yo10aryl7":["y4s5a4uhg"],"8yjw4wr8f":["j85mgbcc0"],"2tphr9uec":["drn9gnz51"],"yg1ef1eg8":["uzpxihvg9"],"aa13bn1b8":["1p4lpjlry"]}},{"id":"8tq99yr89","name":"Randia sp. 2","description":"Árvore com caule ramificado. Possui estípulas persistentes, não foliáceas, triangulares ou lanceoladas, com até 1 cm de comprimento. As folhas apresentam domácias com tricomas na face abaxial e 4-5 pares de nervuras secundárias.","imageUrl":"https://picsum.photos/seed/Randia%20sp.%202/400/300","traits":{"j5fcnbyve":["ljfdw19zb"],"45eunu7f7":["h9ybobulc"],"rnw8adian":["fddpfulaj","ujnpz1ycb"],"7o82jm2tn":["azkmmnfyn","1t472niqg"],"g7b7z8y7l":["6d3o4rwfn"],"yo10aryl7":["y4s5a4uhg"],"8yjw4wr8f":["j85mgbcc0"],"2tphr9uec":["drn9gnz51"],"yg1ef1eg8":["uzpxihvg9"],"aa13bn1b8":["a2gcgb5f1"]}},{"id":"pbbxs2h2x","name":"Alseis floribunda","description":"Árvore com caule ramificado. Possui estípulas persistentes, não foliáceas, triangulares ou lanceoladas, com até 1 cm de comprimento. As folhas são simples, opostas, sem domácias e concentradas no ápice dos ramos.","imageUrl":"https://picsum.photos/seed/Alseis%20floribunda/400/300","traits":{"j5fcnbyve":["ljfdw19zb"],"45eunu7f7":["h9ybobulc"],"rnw8adian":["fddpfulaj","ujnpz1ycb"],"7o82jm2tn":["azkmmnfyn","1t472niqg"],"g7b7z8y7l":["6d3o4rwfn"],"yo10aryl7":["y4s5a4uhg"],"8yjw4wr8f":["j85mgbcc0"],"2tphr9uec":["qsk6962nu"],"c49g17wkj":["ccf2nkxl8"]}},{"id":"36dy4ip2d","name":"Faramea pachyantha","description":"Árvore com caule ramificado, com gema apical glabra e extremidade dos ramos nigrescente no material seco. Possui estípulas persistentes, não foliáceas, triangulares ou lanceoladas, com até 1 cm de comprimento. As folhas são simples, opostas, sem domácias e não concentradas no ápice dos ramos.","imageUrl":"https://picsum.photos/seed/Faramea%20pachyantha/400/300","traits":{"j5fcnbyve":["ljfdw19zb"],"45eunu7f7":["h9ybobulc"],"8gkzbfbls":["0zswewza2"],"rnw8adian":["fddpfulaj","ujnpz1ycb"],"7o82jm2tn":["azkmmnfyn","1t472niqg"],"g7b7z8y7l":["6d3o4rwfn"],"yo10aryl7":["y4s5a4uhg"],"8yjw4wr8f":["j85mgbcc0"],"2tphr9uec":["qsk6962nu"],"c49g17wkj":["xerchqgew"]}},{"id":"gjk1b5vae","name":"Psychotria birotula","description":"Árvore com caule ramificado, com gema apical com tricomas e extremidade dos ramos não nigrescente no material seco. Possui estípulas persistentes, não foliáceas, triangulares ou lanceoladas, com até 1 cm de comprimento e bífidas. As folhas são simples, opostas, sem domácias e não concentradas no ápice dos ramos, com nervuras secundárias conspícuas na face abaxial (geralmente discolores no material seco).","imageUrl":"https://picsum.photos/seed/Psychotria%20birotula/400/300","traits":{"j5fcnbyve":["ljfdw19zb"],"45eunu7f7":["h9ybobulc"],"8gkzbfbls":["eynqmy18i"],"rnw8adian":["fddpfulaj","ujnpz1ycb"],"7o82jm2tn":["azkmmnfyn","1t472niqg","nznt3fhfi"],"g7b7z8y7l":["6d3o4rwfn"],"yo10aryl7":["y4s5a4uhg"],"8yjw4wr8f":["j85mgbcc0"],"2tphr9uec":["qsk6962nu"],"c49g17wkj":["xerchqgew"],"ukgptedg8":["h1nkjpzg4"]}},{"id":"0a7fe7ozx","name":"Psychotria nuda","description":"Árvore com caule ramificado, com gema apical com tricomas e extremidade dos ramos não nigrescente no material seco. Possui estípulas persistentes, não foliáceas, triangulares ou lanceoladas, com até 1 cm de comprimento e bífidas. As folhas são simples, opostas, sem domácias e não concentradas no ápice dos ramos, com nervuras secundárias pouco conspícuas na face abaxial (concolores no material seco).","imageUrl":"https://picsum.photos/seed/Psychotria%20nuda/400/300","traits":{"j5fcnbyve":["ljfdw19zb"],"45eunu7f7":["h9ybobulc"],"8gkzbfbls":["eynqmy18i"],"rnw8adian":["fddpfulaj","ujnpz1ycb"],"7o82jm2tn":["azkmmnfyn","1t472niqg","nznt3fhfi"],"g7b7z8y7l":["6d3o4rwfn"],"yo10aryl7":["y4s5a4uhg"],"8yjw4wr8f":["j85mgbcc0"],"2tphr9uec":["qsk6962nu"],"c49g17wkj":["xerchqgew"]}},{"id":"8vz0yxhe5","name":"Coutarea hexandra","description":"Árvore com caule ramificado, com gema apical com tricomas e extremidade dos ramos não nigrescente no material seco. Possui estípulas persistentes, não foliáceas, triangulares ou lanceoladas, com até 1 cm de comprimento e inteiras. As folhas são simples, opostas, sem domácias e não concentradas no ápice dos ramos, com ápice agudo a acuminado e venação terciária formando retículos conspícuos.","imageUrl":"https://picsum.photos/seed/Coutarea%20hexandra/400/300","traits":{"j5fcnbyve":["ljfdw19zb"],"45eunu7f7":["h9ybobulc"],"8gkzbfbls":["eynqmy18i"],"rnw8adian":["fddpfulaj","ujnpz1ycb"],"7o82jm2tn":["azkmmnfyn","1t472niqg","gdrxxknzj"],"g7b7z8y7l":["6d3o4rwfn"],"yo10aryl7":["y4s5a4uhg"],"8yjw4wr8f":["j85mgbcc0"],"2tphr9uec":["qsk6962nu"],"c49g17wkj":["xerchqgew"],"tvxf7dj57":["z1jk6hjqd"],"xx0ffeh5a":["82ibwn24i"]}},{"id":"zgdpo8f0u","name":"cf. Chomelia sp.","description":"Árvore com caule ramificado, com gema apical com tricomas e extremidade dos ramos não nigrescente no material seco. Possui estípulas persistentes, não foliáceas, triangulares ou lanceoladas, com até 1 cm de comprimento e inteiras. As folhas são simples, opostas, sem domácias e não concentradas no ápice dos ramos, com ápice abrupto-longo-acuminado (às vezes falcado) e venação terciária inconspícua.","imageUrl":"https://picsum.photos/seed/cf.%20Chomelia%20sp./400/300","traits":{"j5fcnbyve":["ljfdw19zb"],"45eunu7f7":["h9ybobulc"],"8gkzbfbls":["eynqmy18i"],"rnw8adian":["fddpfulaj","ujnpz1ycb"],"7o82jm2tn":["azkmmnfyn","1t472niqg","gdrxxknzj"],"g7b7z8y7l":["6d3o4rwfn"],"yo10aryl7":["y4s5a4uhg"],"8yjw4wr8f":["j85mgbcc0"],"2tphr9uec":["qsk6962nu"],"c49g17wkj":["xerchqgew"],"xx0ffeh5a":["e3zlvgmw6"]}},{"id":"dr2y7ajwa","name":"Rudgea jasminoides","description":"Árvore com caule ramificado. Possui estípulas persistentes, não foliáceas, ovadas ou deltóides, com apêndice terminal denticulado.","imageUrl":"https://picsum.photos/seed/Rudgea%20jasminoides/400/300","traits":{"j5fcnbyve":["ljfdw19zb"],"45eunu7f7":["h9ybobulc"],"rnw8adian":["fddpfulaj","ujnpz1ycb"],"7o82jm2tn":["r0jpwi7n5","279vtwen2"],"5b1pbj7ie":["myetelzsn"]}},{"id":"hl0bnv4ec","name":"Posoqueria latifolia","description":"Árvore com caule ramificado. Possui estípulas persistentes, não foliáceas, ovadas ou deltóides, sem apêndice terminal.","imageUrl":"https://picsum.photos/seed/Posoqueria%20latifolia/400/300","traits":{"j5fcnbyve":["ljfdw19zb"],"45eunu7f7":["h9ybobulc"],"rnw8adian":["fddpfulaj","ujnpz1ycb"],"7o82jm2tn":["r0jpwi7n5","279vtwen2"],"5b1pbj7ie":["gacl9xcue"]}},{"id":"ty3lg1j8i","name":"Coussarea accedens","description":"Árvore com caule ramificado. Possui estípulas persistentes, não foliáceas, ovadas ou deltóides, sem apêndice terminal, ovadas e membranáceas. As folhas são simples, opostas, com ápice abrupto-acuminado a caudado e 8-10 pares de nervuras secundárias.","imageUrl":"https://picsum.photos/seed/Coussarea%20accedens/400/300","traits":{"j5fcnbyve":["ljfdw19zb"],"45eunu7f7":["h9ybobulc"],"rnw8adian":["fddpfulaj","ujnpz1ycb","btizzf4zo"],"7o82jm2tn":["r0jpwi7n5","279vtwen2"],"5b1pbj7ie":["gacl9xcue"],"yo10aryl7":["y4s5a4uhg"],"8yjw4wr8f":["j85mgbcc0"]}},{"id":"14ep79r79","name":"Rudgea vellerea","description":"Árvore com caule ramificado. Possui estípulas persistentes, não foliáceas, ovadas ou deltóides, sem apêndice terminal, amplo-ovadas e crassas. As folhas são simples, opostas, com ápice arredondado (às vezes agudo) e 15-18 pares de nervuras secundárias.","imageUrl":"https://picsum.photos/seed/Rudgea%20vellerea/400/300","traits":{"j5fcnbyve":["ljfdw19zb"],"45eunu7f7":["h9ybobulc"],"rnw8adian":["fddpfulaj","ujnpz1ycb","h1su015lm"],"7o82jm2tn":["r0jpwi7n5","279vtwen2","xg8mhxiod"],"5b1pbj7ie":["gacl9xcue"],"yo10aryl7":["y4s5a4uhg"],"8yjw4wr8f":["j85mgbcc0"],"aa13bn1b8":["4p5u0eeg4"]}},{"id":"nfst3jv4o","name":"Guapira hirsuta","description":"Árvore com caule ramificado e folhas simples, opostas e subopostas (às vezes alternas espiraladas), nigrescentes no material seco. Possui pecíolos de até 0,6 cm de comprimento e lâmina de até 7,5 cm de comprimento. Ausência de estípulas.","imageUrl":"https://picsum.photos/seed/Guapira%20hirsuta/400/300","traits":{"j5fcnbyve":["ljfdw19zb"],"45eunu7f7":["h9ybobulc"],"e2ls4oy41":["2v886cv6e"],"yo10aryl7":["y4s5a4uhg"],"csg8w0gas":["c9mwo6nij"],"qylteaj1i":["qtqny1bca"],"wsyb26urq":["phdehyqjb"]}},{"id":"z2i5wocaa","name":"Guapira opposita","description":"Árvore com caule ramificado e folhas simples, opostas e subopostas (às vezes alternas espiraladas), nigrescentes no material seco. Possui pecíolos de pelo menos 3,5 cm de comprimento e lâmina de até 30 cm de comprimento. Ausência de estípulas.","imageUrl":"https://picsum.photos/seed/Guapira%20opposita/400/300","traits":{"j5fcnbyve":["ljfdw19zb"],"45eunu7f7":["h9ybobulc"],"e2ls4oy41":["2v886cv6e"],"yo10aryl7":["y4s5a4uhg"],"csg8w0gas":["c9mwo6nij"],"qylteaj1i":["gmmh2jgko"],"wsyb26urq":["7p6ikrvpp"]}},{"id":"lwd5j2ahu","name":"Cordia cf. superba","description":"Árvore com caule ramificado e folhas simples, opostas e subopostas (às vezes alternas espiraladas) ou alternas, verdes ou marrom-esverdeadas no material seco. Possui 4-6 pares de nervuras secundárias e pontuações amarronzadas esparsas na face abaxial (visíveis com auxílio de lupa). Ausência de estípulas.","imageUrl":"https://picsum.photos/seed/Cordia%20cf.%20superba/400/300","traits":{"j5fcnbyve":["ljfdw19zb"],"45eunu7f7":["h9ybobulc"],"e2ls4oy41":["2v886cv6e"],"yo10aryl7":["y4s5a4uhg"],"csg8w0gas":["yr6dh6aru"],"aa13bn1b8":["0ss9ic5rr"],"8yjw4wr8f":["11u59lcde"]}},{"id":"c7f3jw2hf","name":"Cordia taguahyensis","description":"Árvore com caule ramificado e folhas simples, opostas e subopostas (às vezes alternas espiraladas) ou alternas, verdes ou marrom-esverdeadas no material seco. Possui 8 pares de nervuras secundárias e sem pontuações. Ausência de estípulas.","imageUrl":"https://picsum.photos/seed/Cordia%20taguahyensis/400/300","traits":{"j5fcnbyve":["ljfdw19zb"],"45eunu7f7":["h9ybobulc"],"e2ls4oy41":["2v886cv6e"],"yo10aryl7":["y4s5a4uhg"],"csg8w0gas":["yr6dh6aru"],"aa13bn1b8":["tno88e4xj"],"midkdh8wj":["hwiur5az5"],"8yjw4wr8f":["11u59lcde"]}},{"id":"uu57y4fz2","name":"Miconia tristis subsp. australis","description":"Árvore com caule ramificado. Possui estípulas ausentes. As folhas são simples, opostas, com venação acródroma, margem denticulada e mucronulada.","imageUrl":"https://picsum.photos/seed/Miconia%20tristis%20subsp.%20australis/400/300","traits":{"j5fcnbyve":["ljfdw19zb"],"45eunu7f7":["h9ybobulc"],"e2ls4oy41":["2v886cv6e"],"yo10aryl7":["y4s5a4uhg"],"8yjw4wr8f":["j85mgbcc0"],"8k425n0kl":["e7mtq7mq8","91o5r4uqi"]}},{"id":"69me4gmko","name":"Leandra dasytricha","description":"Árvore com caule ramificado. Possui estípulas ausentes. As folhas são simples, opostas, com venação acródroma, margem denticulada (não mucronulada), com tricomas simples e estrigosos na face adaxial.","imageUrl":"https://picsum.photos/seed/Leandra%20dasytricha/400/300","traits":{"j5fcnbyve":["ljfdw19zb"],"45eunu7f7":["h9ybobulc"],"e2ls4oy41":["2v886cv6e"],"yo10aryl7":["y4s5a4uhg"],"8yjw4wr8f":["j85mgbcc0"],"8k425n0kl":["e7mtq7mq8","1v2cgi8qx"]}},{"id":"fied5bfnk","name":"Meriania calyptrata","description":"Árvore com caule ramificado. Possui estípulas ausentes. As folhas são simples, opostas, com venação acródroma, margem denticulada (não mucronulada) e são glabras na face adaxial e no geral.","imageUrl":"https://picsum.photos/seed/Meriania%20calyptrata/400/300","traits":{"j5fcnbyve":["ljfdw19zb"],"45eunu7f7":["h9ybobulc"],"e2ls4oy41":["2v886cv6e"],"yo10aryl7":["y4s5a4uhg"],"8yjw4wr8f":["j85mgbcc0"],"8k425n0kl":["e7mtq7mq8","1v2cgi8qx"],"30gcwfbvh":["t00929q5l"]}},{"id":"e7maa1u6m","name":"Miconia cf. picinguabensis","description":"Árvore com caule ramificado. Possui estípulas ausentes. As folhas são simples, opostas, com venação acródroma, margem denticulada (não mucronulada), glabras na face adaxial e diminuto esparso-estreladas a glabrescentes na face abaxial.","imageUrl":"https://picsum.photos/seed/Miconia%20cf.%20picinguabensis/400/300","traits":{"j5fcnbyve":["ljfdw19zb"],"45eunu7f7":["h9ybobulc"],"e2ls4oy41":["2v886cv6e"],"yo10aryl7":["y4s5a4uhg"],"8yjw4wr8f":["j85mgbcc0"],"8k425n0kl":["e7mtq7mq8","1v2cgi8qx"]}},{"id":"itn58or0i","name":"Henriettella glabra","description":"Árvore com caule ramificado. Possui estípulas ausentes. As folhas são simples, opostas, com venação acródroma, margem inteira, glabras ou glabrescentes, com tricomas simples, elíptico-ovais, membranáceas a subcartáceas. Os pecíolos medem pelo menos 4,5 cm de comprimento.","imageUrl":"https://picsum.photos/seed/Henriettella%20glabra/400/300","traits":{"j5fcnbyve":["ljfdw19zb"],"45eunu7f7":["h9ybobulc"],"e2ls4oy41":["2v886cv6e"],"yo10aryl7":["y4s5a4uhg"],"8yjw4wr8f":["j85mgbcc0"],"8k425n0kl":["14j36lkuf"],"fqmqtu2hy":["tb109tbq9"],"qylteaj1i":["zaz6stc85"]}},{"id":"pxkjp2a9v","name":"Miconia cinnamomifolia","description":"Árvore com caule ramificado. Possui estípulas ausentes. As folhas são simples, opostas, com venação acródroma, margem inteira, glabras ou glabrescentes, com tricomas simples, elípticas, cartáceas a subcoriáceas. Os pecíolos medem até 2,5 cm de comprimento.","imageUrl":"https://picsum.photos/seed/Miconia%20cinnamomifolia/400/300","traits":{"j5fcnbyve":["ljfdw19zb"],"45eunu7f7":["h9ybobulc"],"e2ls4oy41":["2v886cv6e"],"yo10aryl7":["y4s5a4uhg"],"8yjw4wr8f":["j85mgbcc0"],"8k425n0kl":["14j36lkuf"],"7g6qkgifb":["w0j28cukr"]}},{"id":"oapkavq6i","name":"Miconia cabucu","description":"Árvore com caule ramificado. Possui estípulas ausentes. As folhas são simples, opostas, com venação acródroma, margem inteira, com tricomas estrelados ou lepidotos, amplo-elípticas. Os pecíolos medem pelo menos 7,5 cm de comprimento.","imageUrl":"https://picsum.photos/seed/Miconia%20cabucu/400/300","traits":{"j5fcnbyve":["ljfdw19zb"],"45eunu7f7":["h9ybobulc"],"e2ls4oy41":["2v886cv6e"],"yo10aryl7":["y4s5a4uhg"],"8yjw4wr8f":["j85mgbcc0"],"8k425n0kl":["14j36lkuf"],"fqmqtu2hy":["2uzec1rb9"]}},{"id":"0bq2r7fi1","name":"Miconia sp. 3","description":"Árvore com caule ramificado. Possui estípulas ausentes. As folhas são simples, opostas, com venação acródroma, margem inteira, com tricomas estrelados ou lepidotos, elípticas, elíptico-obovais ou elíptico-ovais. Os pecíolos medem até 5,5 cm de comprimento. As folhas enegrecem quando secas, são concolores e possuem tricomas lepidotos.","imageUrl":"https://picsum.photos/seed/Miconia%20sp.%203/400/300","traits":{"j5fcnbyve":["ljfdw19zb"],"45eunu7f7":["h9ybobulc"],"e2ls4oy41":["2v886cv6e"],"yo10aryl7":["y4s5a4uhg"],"8yjw4wr8f":["j85mgbcc0"],"8k425n0kl":["14j36lkuf"],"csg8w0gas":["21kra9vle"]}},{"id":"69izrf6hb","name":"Miconia dodecandra","description":"Árvore com caule ramificado. Possui estípulas ausentes. As folhas são simples, opostas, com venação acródroma, margem inteira, com tricomas estrelados ou lepidotos, elípticas, elíptico-obovais ou elíptico-ovais. Os pecíolos medem até 5,5 cm de comprimento. As folhas são marrom-esverdeadas quando secas, discolores e possuem tricomas denso-estrelados.","imageUrl":"https://picsum.photos/seed/Miconia%20dodecandra/400/300","traits":{"j5fcnbyve":["ljfdw19zb"],"45eunu7f7":["h9ybobulc"],"e2ls4oy41":["2v886cv6e"],"yo10aryl7":["y4s5a4uhg"],"8yjw4wr8f":["j85mgbcc0"],"8k425n0kl":["14j36lkuf"],"csg8w0gas":["9hlzvzi1t"],"30gcwfbvh":["adj02kvq6"]}},{"id":"jsxkn1zky","name":"Malouetia arborea","description":"Árvore com caule ramificado, com extremidade dos ramos nigrescente no material seco. As plantas são latescentes. As folhas são simples, opostas, com venação camptódroma e 5-8 pares de nervuras secundárias. Ausência de estípulas.","imageUrl":"https://picsum.photos/seed/Malouetia%20arborea/400/300","traits":{"j5fcnbyve":["ljfdw19zb"],"45eunu7f7":["h9ybobulc"],"8gkzbfbls":["0zswewza2"],"kh37izh5v":["smq91ogd0"],"e2ls4oy41":["2v886cv6e"],"yo10aryl7":["y4s5a4uhg"],"8yjw4wr8f":["j85mgbcc0"],"dlccze26h":["hjadpreu1"],"aa13bn1b8":["54l9m6kle"]}},{"id":"6qyf1q6j2","name":"Garcinia gardneriana","description":"Árvore com caule ramificado, com extremidade dos ramos não nigrescente no material seco. As plantas são latescentes. As folhas são simples, opostas, com venação camptódroma, cerca de 20 pares de nervuras secundárias paralelas e canais resiníferos conspícuos na face abaxial. Ausência de estípulas.","imageUrl":"https://picsum.photos/seed/Garcinia%20gardneriana/400/300","traits":{"j5fcnbyve":["ljfdw19zb"],"45eunu7f7":["h9ybobulc"],"8gkzbfbls":["eynqmy18i"],"kh37izh5v":["smq91ogd0"],"e2ls4oy41":["2v886cv6e"],"yo10aryl7":["y4s5a4uhg"],"8yjw4wr8f":["j85mgbcc0"],"dlccze26h":["hjadpreu1"],"aa13bn1b8":["mfm7gsqq4"],"gq6yb4jr5":["pe0aechrd"]}},{"id":"wtacza76x","name":"Vernonia sp.","description":"Árvore com caule ramificado. As plantas não são latescentes. As folhas são simples, opostas, com venação camptódroma, margem serreada, denteada ou denticulada e concentradas no ápice dos ramos. Ausência de estípulas.","imageUrl":"https://picsum.photos/seed/Vernonia%20sp./400/300","traits":{"j5fcnbyve":["ljfdw19zb"],"45eunu7f7":["h9ybobulc"],"kh37izh5v":["tqmlh2ogy"],"e2ls4oy41":["2v886cv6e"],"yo10aryl7":["y4s5a4uhg"],"8yjw4wr8f":["j85mgbcc0"],"dlccze26h":["hjadpreu1"],"c49g17wkj":["ccf2nkxl8"]}},{"id":"s4vkd1k8f","name":"Siparuna brasiliensis","description":"Árvore com caule ramificado. As plantas não são latescentes. As folhas são simples, opostas, com venação camptódroma, margem serreada, denteada ou denticulada (não concentradas no ápice dos ramos), com base truncada, margem denticulada e tricomas estrelados. Os pecíolos medem pelo menos 2,5 cm de comprimento. Ausência de estípulas.","imageUrl":"https://picsum.photos/seed/Siparuna%20brasiliensis/400/300","traits":{"j5fcnbyve":["ljfdw19zb"],"45eunu7f7":["h9ybobulc"],"kh37izh5v":["tqmlh2ogy"],"e2ls4oy41":["2v886cv6e"],"yo10aryl7":["y4s5a4uhg"],"8yjw4wr8f":["j85mgbcc0"],"dlccze26h":["hjadpreu1"],"c49g17wkj":["xerchqgew"],"y38atoosc":["nbe5m3rwa"],"8k425n0kl":["e7mtq7mq8"],"qylteaj1i":["fau2fveuz"]}},{"id":"65613flbk","name":"Mollinedia lamprophylla","description":"Árvore com caule ramificado. As plantas não são latescentes. As folhas são simples, opostas, com venação camptódroma, margem serreada, denteada ou denticulada (não concentradas no ápice dos ramos), com base atenuada ou cuneada, margem serreada, tomentosa a glabrescente e denso-tomentosas. Os pecíolos medem até 1,5 cm de comprimento. Ausência de estípulas.","imageUrl":"https://picsum.photos/seed/Mollinedia%20lamprophylla/400/300","traits":{"j5fcnbyve":["ljfdw19zb"],"45eunu7f7":["h9ybobulc"],"kh37izh5v":["tqmlh2ogy"],"e2ls4oy41":["2v886cv6e"],"yo10aryl7":["y4s5a4uhg"],"8yjw4wr8f":["j85mgbcc0"],"dlccze26h":["hjadpreu1"],"c49g17wkj":["xerchqgew"],"8k425n0kl":["hk2ymir6l"],"30gcwfbvh":["lu7y00u65"],"qylteaj1i":["joznijuzn"]}},{"id":"cbgokanqr","name":"Mollinedia uleana","description":"Árvore com caule ramificado. As plantas não são latescentes. As folhas são simples, opostas, com venação camptódroma, margem serreada, denteada ou denticulada (não concentradas no ápice dos ramos), com base atenuada ou cuneada, margem serreada, tomentosa a glabrescente, estreito-elípticas, falcadas e medem até 9,5 cm de comprimento. Os pecíolos medem até 1,5 cm de comprimento. Ausência de estípulas.","imageUrl":"https://picsum.photos/seed/Mollinedia%20uleana/400/300","traits":{"j5fcnbyve":["ljfdw19zb"],"45eunu7f7":["h9ybobulc"],"kh37izh5v":["tqmlh2ogy"],"e2ls4oy41":["2v886cv6e"],"yo10aryl7":["y4s5a4uhg"],"8yjw4wr8f":["j85mgbcc0"],"dlccze26h":["hjadpreu1"],"c49g17wkj":["xerchqgew"],"8k425n0kl":["hk2ymir6l"],"fqmqtu2hy":["hv7yn3h3w","9fej37lif"],"qylteaj1i":["joznijuzn"]}},{"id":"sp5pc1ogi","name":"Mollinedia oligantha","description":"Árvore com caule ramificado. As plantas não são latescentes. As folhas são simples, opostas, com venação camptódroma, margem serreada, denteada ou denticulada (não concentradas no ápice dos ramos), com base atenuada ou cuneada, margem serreada, tomentosa a glabrescente, elípticas a amplo-elípticas (maiores que 9,5 cm de comprimento) e com ápice agudo. Os pecíolos medem até 1,5 cm de comprimento. Ausência de estípulas.","imageUrl":"https://picsum.photos/seed/Mollinedia%20oligantha/400/300","traits":{"j5fcnbyve":["ljfdw19zb"],"45eunu7f7":["h9ybobulc"],"kh37izh5v":["tqmlh2ogy"],"e2ls4oy41":["2v886cv6e"],"yo10aryl7":["y4s5a4uhg"],"8yjw4wr8f":["j85mgbcc0"],"dlccze26h":["hjadpreu1"],"c49g17wkj":["xerchqgew"],"8k425n0kl":["hk2ymir6l"]}}]}