{"id":"gv7y11cbd","name":"Chave de identificação baseada em caracteres vegetativos de espécies do cerrado sensu lato (s.l.) do município de Itirapina, Estado de São Paulo, Brasil","description":"Chave de identificação de 65 espécies arbustivo-arbóreas do cerrado de Itirapina, SP, com base em caracteres vegetativos morfológicos de caule, ramificações e folhas.","features":[{"id":"7xgza122d","name":"Tipo de Folha","imageUrl":"","states":[{"id":"paaswtgkq","label":"Simples"},{"id":"ef3wdpb8d","label":"Compostas"}]},{"id":"dr2tesne7","name":"Filotaxia","imageUrl":"","states":[{"id":"1yqjenecy","label":"Alternas dísticas"},{"id":"l1jtxfgjc","label":"Alternas espiraladas"},{"id":"h8m6y7345","label":"Opostas ou verticiladas"},{"id":"h46s0mol8","label":"Opostas dísticas (por torção do ramo ou pecíolo)"},{"id":"nikcdjvul","label":"Opostas cruzadas"},{"id":"6479gtlyo","label":"Subopostas"}]},{"id":"uape6pfs6","name":"Estípulas","imageUrl":"","states":[{"id":"3wjumnaqc","label":"Presentes"},{"id":"u9bh3y7ot","label":"Ausentes"}]},{"id":"mcqzsfm7n","name":"Estípulas Caducidade","imageUrl":"","states":[{"id":"ho78slibs","label":"Caducas"},{"id":"mo8jda4dc","label":"Persistentes"},{"id":"mhrsip4d6","label":"Persistentes interpeciolares"}]},{"id":"mn2y5iks4","name":"Estípulas Inserção","imageUrl":"","states":[{"id":"nnfrosy9v","label":"Axilar"},{"id":"jtm7thfvp","label":"Interpeciolar"},{"id":"vmtwm4ch2","label":"Laterais"}]},{"id":"7s0sscxxz","name":"Domáceas","imageUrl":"","states":[{"id":"ddpl8j7sz","label":"Saculiformes na face abaxial"},{"id":"mda9p9aof","label":"Presentes"},{"id":"cs28lulke","label":"Ausentes"},{"id":"nl6nr5zcr","label":"Lineares compridas na base da nervura principal"}]},{"id":"gasx426q4","name":"Tricomas no Limbo","imageUrl":"","states":[{"id":"6b24p94x3","label":"Presentes"},{"id":"1qmbecf8r","label":"Presentes em ambas as faces"},{"id":"hvfezpnzt","label":"Presentes apenas na face abaxial"},{"id":"ezaawrg1a","label":"Ausentes"}]},{"id":"umqdgdwcg","name":"Tricomas em Ramos/Gema Apical","imageUrl":"","states":[{"id":"l4i62wdrq","label":"Castanho avermelhados"},{"id":"tbdilhn7c","label":"Ferrugíneos opacos"}]},{"id":"18zkmdy08","name":"Glândulas Internas no Limbo","imageUrl":"","states":[{"id":"53cjsx1qa","label":"Ausentes"},{"id":"xsmjqzfxm","label":"Presentes"},{"id":"not02eyld","label":"Opacas"}]},{"id":"i9di9vig3","name":"Látex no Limbo","imageUrl":"","states":[{"id":"22lsolr4m","label":"Presente"},{"id":"tbsfcozfd","label":"Ausente"}]},{"id":"42qh8mm6o","name":"Cor do Látex","imageUrl":"","states":[{"id":"3u90ni36r","label":"Amarelada"},{"id":"j9s7187ha","label":"Esbranquiçada"}]},{"id":"kujz418rq","name":"Forma do Limbo","imageUrl":"","states":[{"id":"mam1pcs2n","label":"Elíptica a oboval, ápice arredondado a obtuso"},{"id":"c7xvy2yl1","label":"Lanceolada, ápice agudo"},{"id":"8ggi0y2gi","label":"Menor (2.5-9x1-3.5cm)"},{"id":"i6acz43zs","label":"Maior (8-19x2.5-6.8cm)"},{"id":"e62c59zpz","label":"Menor (5-11X2-5cm), base cuneada"},{"id":"4wgkhqckm","label":"Maior (8-19X3-6cm), base estreita e aguda"},{"id":"9c75mup44","label":"Cordada"},{"id":"ibxh7rfxr","label":"Cuneada ou aguda"},{"id":"fvhni2cv3","label":"Amplitude maior que 3.5X2.4cm"},{"id":"tmkl9hm4i","label":"Amplitude menor que 2X2cm"},{"id":"p8bgq7v1x","label":"Comprimento máximo de 1.3cm"},{"id":"9if5cpl5b","label":"Comprimento máximo de 4.0cm"}]},{"id":"t71ozta4y","name":"Folhas Pecioladas","imageUrl":"","states":[{"id":"zlwuw9x86","label":"Sésseis"},{"id":"hm0wmuovu","label":"Pecioladas"}]},{"id":"oz37nv9j3","name":"Indumento Face Abaxial","imageUrl":"","states":[{"id":"kosvdfepq","label":"Glabras a pubescentes, revestida por cera"},{"id":"q6sx8pgnn","label":"Pilosas, coloração ferrugínea"},{"id":"r8wz7qe9t","label":"Indumento revestindo totalmente"},{"id":"jneq874fa","label":"Epiderme visível, tricomas dispostos pelo limbo"},{"id":"aqir6ys2p","label":"Ferrugíneos"},{"id":"fr6pte3db","label":"Esbranquiçados"},{"id":"qlm1o4tih","label":"Tomentoso"},{"id":"bvry0g7cv","label":"Lanuginoso"},{"id":"c5a4jagl9","label":"Hirsuto"},{"id":"4so5f82rq","label":"Pubérulo"}]},{"id":"9xzcwuhnx","name":"Indumento Adaxial do Limbo","imageUrl":"","states":[{"id":"pct1mzxtt","label":"Indumento revestindo totalmente (epiderme não visível)"},{"id":"ucv9b01ua","label":"Epiderme visível, pelo menos em uma face"},{"id":"52zexf8lf","label":"Epiderme esverdeada visível, indumento esbranquiçado"},{"id":"7b0mt6c5q","label":"Incana"},{"id":"xgn7uxgzy","label":"Ferrugíneo"},{"id":"kulk12c7r","label":"Esbranquiçada"},{"id":"4za7j97zt","label":"Esverdeada"},{"id":"4dgba9kjy","label":"Glauca"},{"id":"hcp4zt8dc","label":"Pubérulo"},{"id":"9tgtp6o0u","label":"Tomentoso"},{"id":"ua5owbi7p","label":"Pubescente"},{"id":"yebo68rup","label":"Velutino"},{"id":"opa7su6c4","label":"Hirsuto"}]},{"id":"5i6ddlq95","name":"Nervação do Limbo","imageUrl":"","states":[{"id":"bzr8vubu7","label":"Craspedódroma"},{"id":"j1fzq392k","label":"Broquidódroma"},{"id":"z1faozqdi","label":"Reticulódroma"},{"id":"2rjj6ucmn","label":"Acródroma suprabasal"},{"id":"j3b9flyvc","label":"Acródroma basal"},{"id":"u23ngp1w8","label":"Não acródroma"},{"id":"sn9pctkme","label":"Primária proeminente em ambas as faces"},{"id":"paol3uo90","label":"Primária proeminente na face abaxial e impressa na adaxial"},{"id":"vuhe60xzd","label":"Primária proeminente em uma ou nenhuma face"}]},{"id":"x6oqgbxua","name":"Glândula Secretora Externa","imageUrl":"","states":[{"id":"x2mq5mzx0","label":"Presente na base da lâmina foliar"},{"id":"yyp8vg2uo","label":"Ausente"},{"id":"ak7t1jp27","label":"Adnada ao pecíolo presente"},{"id":"db8famkkm","label":"No ápice do limbo"},{"id":"smnib3lnr","label":"Ao lado da nervura principal do limbo"},{"id":"cr2bsfuae","label":"Próxima à nervura primária"},{"id":"nltquw355","label":"Próxima à nervura primária ausente"}]},{"id":"0z8ehxmxh","name":"Glândula Secretora Interna","imageUrl":"","states":[{"id":"8ww2z9c52","label":"Ausente"},{"id":"4o2bhezie","label":"Presente"}]},{"id":"3lbjfr7lh","name":"Córtex","imageUrl":"","states":[{"id":"1ke0nzj8j","label":"Fissurado longitudinalmente"},{"id":"p5b3fud0h","label":"Não fissurado longitudinalmente"},{"id":"k3ulbbydp","label":"Suberoso, largo e profundamente sulcado"},{"id":"f7f8uhpdl","label":"Suberoso, fissurado longitudinalmente"},{"id":"z4cwdbbnv","label":"Liso"},{"id":"bq89qnvt0","label":"Rugoso"},{"id":"trsqdex5w","label":"Fino (<2mm)"},{"id":"tm4knhkwb","label":"Suberoso (>10mm)"}]},{"id":"0b8p18pi7","name":"Superfície do Limbo ao Tato","imageUrl":"","states":[{"id":"s8enbvj76","label":"Lisa"},{"id":"6jkoq33iu","label":"Rugosa"},{"id":"6hx2hcqqb","label":"Serícea"},{"id":"2jko9rmgg","label":"Híspida"},{"id":"urarcm3aq","label":"Áspera"}]},{"id":"h68tn98fn","name":"Margem do Limbo","imageUrl":"","states":[{"id":"kl4156r88","label":"Inteira"},{"id":"sz5xuqqkk","label":"Serreada"},{"id":"ytwzf378v","label":"Serrilhada"},{"id":"ittjjbm5o","label":"Ondulada"},{"id":"ed6msrb2s","label":"Plana"},{"id":"8q5gs06m6","label":"Revoluta"}]},{"id":"n2qsip9co","name":"Textura do Limbo","imageUrl":"","states":[{"id":"b7hsysfub","label":"Cartácea"},{"id":"61uvlkpci","label":"Coriácea"},{"id":"5213j96w3","label":"Membranácea"}]},{"id":"jqeqbucak","name":"Estipe","imageUrl":"","states":[{"id":"ahv8iof74","label":"Subterrâneo"},{"id":"b9nx37dsx","label":"Aéreo"}]},{"id":"mdj365cmj","name":"Disposição dos Folíolos","imageUrl":"","states":[{"id":"ebdoh8y95","label":"Saindo de um único ponto"},{"id":"c653s1jq0","label":"Saindo de um eixo central"},{"id":"dbrhyx5bj","label":"Digitadas"},{"id":"9fl0frlsh","label":"Pinadas"},{"id":"a4q5sqsa0","label":"Bipinadas"},{"id":"8fqeewc10","label":"Dispostas paralelamente, inseridas em ponto esqüidistantes"}]},{"id":"bjy2fde5w","name":"Estipelas","imageUrl":"","states":[{"id":"eyjom15uj","label":"Presentes"},{"id":"gftoqvv2y","label":"Ausentes"}]},{"id":"ofe3ddh5x","name":"Ornamentação da Casca","imageUrl":"","states":[{"id":"9sownueu4","label":"Cicatrizes foliares"},{"id":"p6lx34t8z","label":"Aneis transversais"},{"id":"my6j4b3q8","label":"Saliências tranversais"},{"id":"p045nfht2","label":"Lenticelas"}]},{"id":"m9uzm1vuu","name":"Exsudato Caule","imageUrl":"","states":[{"id":"21t2pnnum","label":"Presente"},{"id":"zdykgu5bh","label":"Ausente"}]},{"id":"czc41uhig","name":"Pecíolo, Tricoma, Indumento","imageUrl":"","states":[{"id":"x3lb0v60w","label":"Pubescente"},{"id":"mlz1gnio8","label":"Velutino"},{"id":"91ei9d2zn","label":"Tomentoso"}]},{"id":"4y0gcx7ox","name":"Ápice do Limbo","imageUrl":"","states":[{"id":"7kq44964a","label":"Arredondado"},{"id":"7qhni4wue","label":"Obtuso"},{"id":"zvuqxrywz","label":"Agudo"},{"id":"lnw621ipx","label":"Acuminado"}]},{"id":"ds3p65zgb","name":"Coloração Limbo Abaxial","imageUrl":"","states":[{"id":"ps89a1rfn","label":"Incana"},{"id":"2uefu1pgx","label":"Esverdeada"}]},{"id":"brhqmavmt","name":"Folhas","imageUrl":"","states":[{"id":"xphwxo6lg","label":"Simples"},{"id":"5ykrkjgxc","label":"Compostas"},{"id":"ow5w1emq0","label":"Verticiladas"},{"id":"snspgxx2k","label":"Opostas"},{"id":"38racr5v2","label":"Pinadas"},{"id":"3q3tzd7n6","label":"Bipinadas"}]},{"id":"p6iftn76k","name":"Pinas","imageUrl":"","states":[{"id":"trt7zrps4","label":"Dispostas em vários planos"},{"id":"4ed4ziieo","label":"Ausência de domáceas"}]},{"id":"lo3orkgfz","name":"Folíolos","imageUrl":"","states":[{"id":"tc4ku686t","label":"Opostos"},{"id":"mkax5eynm","label":"Subopostos"}]},{"id":"hwm52bflq","name":"Estrutura Externa no Pecíolo","imageUrl":"","states":[{"id":"u1q5ljuax","label":"Ausente"},{"id":"mgcou05vu","label":"Presente"}]}],"entities":[{"id":"bte6174uf","name":"Annona coriacea Mart.","description":"Espécie de cerrado com folhas simples, domáceas saculiformes e indumento glauco.","imageUrl":"https://picsum.photos/seed/Annona%20coriacea%20Mart./400/300","traits":{"7xgza122d":["paaswtgkq"],"dr2tesne7":["l1jtxfgjc"],"uape6pfs6":["u9bh3y7ot"],"gasx426q4":["6b24p94x3"],"7s0sscxxz":["ddpl8j7sz"],"9xzcwuhnx":["4dgba9kjy"]}},{"id":"s51qsyqjt","name":"Annona crassiflora Mart.","description":"Espécie com folhas simples, ápice arredondado a obtuso e pecíolo pubescente.","imageUrl":"https://picsum.photos/seed/Annona%20crassiflora%20Mart./400/300","traits":{"7xgza122d":["paaswtgkq"],"dr2tesne7":["l1jtxfgjc"],"uape6pfs6":["u9bh3y7ot"],"gasx426q4":["6b24p94x3"],"7s0sscxxz":["cs28lulke"],"kujz418rq":["mam1pcs2n"],"czc41uhig":["x3lb0v60w"]}},{"id":"rgyjv51xw","name":"Xylopia aromatica (Lam.) Mart.","description":"Espécie de cerrado com folhas lanceoladas e limbo de textura cartácea.","imageUrl":"https://picsum.photos/seed/Xylopia%20aromatica%20(Lam.)%20Mart./400/300","traits":{"7xgza122d":["paaswtgkq"],"dr2tesne7":["l1jtxfgjc"],"uape6pfs6":["u9bh3y7ot"],"gasx426q4":["6b24p94x3"],"7s0sscxxz":["cs28lulke"],"kujz418rq":["c7xvy2yl1"],"n2qsip9co":["b7hsysfub"]}},{"id":"w7thbr3x3","name":"Aspidosperma tomentosum Mart.","description":"Espécie com folhas sésseis, látex amarelado e pecíolo tomentoso.","imageUrl":"https://picsum.photos/seed/Aspidosperma%20tomentosum%20Mart./400/300","traits":{"7xgza122d":["paaswtgkq"],"dr2tesne7":["l1jtxfgjc"],"uape6pfs6":["u9bh3y7ot"],"gasx426q4":["ezaawrg1a"],"i9di9vig3":["22lsolr4m"],"42qh8mm6o":["3u90ni36r"],"kujz418rq":["i6acz43zs"],"t71ozta4y":["zlwuw9x86"],"czc41uhig":["91ei9d2zn"]}},{"id":"xkbb6mmtj","name":"Hancornia speciosa Gomes","description":"Árvore do cerrado com exsudato no caule presente.","imageUrl":"https://picsum.photos/seed/Hancornia%20speciosa%20Gomes/400/300","traits":{"7xgza122d":["paaswtgkq"],"dr2tesne7":["l1jtxfgjc"],"uape6pfs6":["u9bh3y7ot"],"i9di9vig3":["22lsolr4m"],"42qh8mm6o":["j9s7187ha"],"m9uzm1vuu":["21t2pnnum"]}},{"id":"buqhnadbn","name":"Didymopanax vinosum (Cham. & Schltdl.) Marchal","description":"Espécie com folhas compostas, estipe aéreo e margem do limbo revoluta.","imageUrl":"https://picsum.photos/seed/Didymopanax%20vinosum%20(Cham.%20%26%20Schltdl.)%20Marchal/400/300","traits":{"7xgza122d":["ef3wdpb8d"],"jqeqbucak":["b9nx37dsx"],"mdj365cmj":["ebdoh8y95"],"uape6pfs6":["3wjumnaqc"],"mcqzsfm7n":["ho78slibs"],"mn2y5iks4":["nnfrosy9v"],"h68tn98fn":["8q5gs06m6"]}},{"id":"rwd2sxg98","name":"Attalea geraensis Barb.Rodr.","description":"Palmeira com estipe subterrâneo e domáceas lineares compridas.","imageUrl":"https://picsum.photos/seed/Attalea%20geraensis%20Barb.Rodr./400/300","traits":{"7xgza122d":["ef3wdpb8d"],"jqeqbucak":["ahv8iof74"],"mdj365cmj":["8fqeewc10"],"7s0sscxxz":["nl6nr5zcr"]}},{"id":"b29bx33ib","name":"Syagrus petraea (Mart.) Becc.","description":"Palmeira com estipe subterrâneo e pinas dispostas em vários planos.","imageUrl":"https://picsum.photos/seed/Syagrus%20petraea%20(Mart.)%20Becc./400/300","traits":{"7xgza122d":["ef3wdpb8d"],"jqeqbucak":["ahv8iof74"],"p6iftn76k":["trt7zrps4","4ed4ziieo"]}},{"id":"pqz81gk5b","name":"Gochnatia barrosii Cabrera","description":"Espécie com tricomas presentes e pecíolo velutino.","imageUrl":"https://picsum.photos/seed/Gochnatia%20barrosii%20Cabrera/400/300","traits":{"7xgza122d":["paaswtgkq"],"dr2tesne7":["l1jtxfgjc"],"uape6pfs6":["u9bh3y7ot"],"gasx426q4":["6b24p94x3","1qmbecf8r"],"9xzcwuhnx":["pct1mzxtt"],"czc41uhig":["mlz1gnio8"]}},{"id":"dulq57fkl","name":"Gochnatia pulchra (Spreng.) Cabrera","description":"Espécie com tricomas esbranquiçados e ápice do limbo agudo.","imageUrl":"https://picsum.photos/seed/Gochnatia%20pulchra%20(Spreng.)%20Cabrera/400/300","traits":{"7xgza122d":["paaswtgkq"],"dr2tesne7":["l1jtxfgjc"],"uape6pfs6":["u9bh3y7ot"],"gasx426q4":["6b24p94x3","hvfezpnzt"],"oz37nv9j3":["fr6pte3db"],"4y0gcx7ox":["zvuqxrywz"]}},{"id":"n0bta7phi","name":"Piptocarpha rotundifolia (Less.) Baker","description":"Espécie com tricomas lanuginosos na face abaxial.","imageUrl":"https://picsum.photos/seed/Piptocarpha%20rotundifolia%20(Less.)%20Baker/400/300","traits":{"7xgza122d":["paaswtgkq"],"dr2tesne7":["l1jtxfgjc"],"uape6pfs6":["u9bh3y7ot"],"gasx426q4":["6b24p94x3","1qmbecf8r"],"9xzcwuhnx":["ucv9b01ua"],"oz37nv9j3":["bvry0g7cv"]}},{"id":"n2nua5tdf","name":"Jacaranda caroba (Vell.) DC.","description":"Árvore com folhas bipinadas, folíolos grandes e margem serreada.","imageUrl":"https://picsum.photos/seed/Jacaranda%20caroba%20(Vell.)%20DC./400/300","traits":{"7xgza122d":["ef3wdpb8d"],"jqeqbucak":["b9nx37dsx"],"mdj365cmj":["c653s1jq0"],"7s0sscxxz":["cs28lulke"],"brhqmavmt":["3q3tzd7n6"],"x6oqgbxua":["yyp8vg2uo"],"kujz418rq":["9if5cpl5b"],"h68tn98fn":["sz5xuqqkk"]}},{"id":"b2ltb6u89","name":"Tabebuia aurea (Cham.) Sandwith","description":"Árvore com folhas pinadas, folíolos opostos e indumento adaxial esverdeado.","imageUrl":"https://picsum.photos/seed/Tabebuia%20aurea%20(Cham.)%20Sandwith/400/300","traits":{"7xgza122d":["ef3wdpb8d"],"jqeqbucak":["b9nx37dsx"],"mdj365cmj":["c653s1jq0"],"7s0sscxxz":["cs28lulke"],"brhqmavmt":["38racr5v2"],"lo3orkgfz":["tc4ku686t"],"bjy2fde5w":["gftoqvv2y"],"gasx426q4":["ezaawrg1a"],"9xzcwuhnx":["4za7j97zt"]}},{"id":"95luqa8eh","name":"Tabebuia ochracea (Cham.) Standl.","description":"Árvore com folhas pinadas, folíolos opostos e indumento adaxial pubérulo.","imageUrl":"https://picsum.photos/seed/Tabebuia%20ochracea%20(Cham.)%20Standl./400/300","traits":{"7xgza122d":["ef3wdpb8d"],"jqeqbucak":["b9nx37dsx"],"mdj365cmj":["c653s1jq0"],"7s0sscxxz":["cs28lulke"],"brhqmavmt":["38racr5v2"],"lo3orkgfz":["tc4ku686t"],"bjy2fde5w":["gftoqvv2y"],"gasx426q4":["6b24p94x3"],"9xzcwuhnx":["hcp4zt8dc"]}},{"id":"sjgwmvur6","name":"Eriotheca gracilipes (K.Schum.) A.Robyns","description":"Árvore com folhas compostas digitadas e estípulas caducas laterais.","imageUrl":"https://picsum.photos/seed/Eriotheca%20gracilipes%20(K.Schum.)%20A.Robyns/400/300","traits":{"7xgza122d":["ef3wdpb8d"],"jqeqbucak":["b9nx37dsx"],"mdj365cmj":["ebdoh8y95","dbrhyx5bj"],"uape6pfs6":["3wjumnaqc"],"mcqzsfm7n":["ho78slibs"],"mn2y5iks4":["vmtwm4ch2"]}},{"id":"977o3ntww","name":"Dimorphandra mollis Benth.","description":"Árvore com folhas bipinadas, folíolos pequenos e superfície serícea.","imageUrl":"https://picsum.photos/seed/Dimorphandra%20mollis%20Benth./400/300","traits":{"7xgza122d":["ef3wdpb8d"],"jqeqbucak":["b9nx37dsx"],"mdj365cmj":["c653s1jq0"],"7s0sscxxz":["cs28lulke"],"brhqmavmt":["3q3tzd7n6"],"x6oqgbxua":["yyp8vg2uo"],"kujz418rq":["p8bgq7v1x"],"0b8p18pi7":["6hx2hcqqb"],"9xzcwuhnx":["7b0mt6c5q"]}},{"id":"f9pqwxn1x","name":"Caryocar brasiliense Cambess.","description":"Árvore do cerrado com folhas compostas e estípulas persistentes, córtex fino.","imageUrl":"https://picsum.photos/seed/Caryocar%20brasiliense%20Cambess./400/300","traits":{"7xgza122d":["ef3wdpb8d"],"jqeqbucak":["b9nx37dsx"],"mdj365cmj":["ebdoh8y95"],"uape6pfs6":["3wjumnaqc"],"mcqzsfm7n":["mo8jda4dc"],"3lbjfr7lh":["trsqdex5w"]}},{"id":"qpewmzw2r","name":"Austroplenckia populnea (Reissek) Lund","description":"Espécie de cerrado com folhas simples e filotaxia alternas dísticas.","imageUrl":"https://picsum.photos/seed/Austroplenckia%20populnea%20(Reissek)%20Lund/400/300","traits":{"7xgza122d":["paaswtgkq"],"uape6pfs6":["u9bh3y7ot"],"gasx426q4":["ezaawrg1a"],"dr2tesne7":["1yqjenecy"]}},{"id":"t3uiw67au","name":"Couepia grandiflora (Mart. & Zucc.) Benth. ex Hook.f.","description":"Árvore com glândula secretora externa na base da lâmina e pecíolo tomentoso.","imageUrl":"https://picsum.photos/seed/Couepia%20grandiflora%20(Mart.%20%26%20Zucc.)%20Benth.%20ex%20Hook.f./400/300","traits":{"7xgza122d":["paaswtgkq"],"dr2tesne7":["l1jtxfgjc"],"uape6pfs6":["3wjumnaqc"],"mcqzsfm7n":["mo8jda4dc"],"x6oqgbxua":["x2mq5mzx0"],"brhqmavmt":["xphwxo6lg"],"czc41uhig":["91ei9d2zn"]}},{"id":"voxe1ge0a","name":"Licania humilis Cham. & Schltdl.","description":"Arbusto do cerrado com nervação broquidódroma e córtex suberoso (>10mm).","imageUrl":"https://picsum.photos/seed/Licania%20humilis%20Cham.%20%26%20Schltdl./400/300","traits":{"7xgza122d":["paaswtgkq"],"dr2tesne7":["l1jtxfgjc"],"uape6pfs6":["3wjumnaqc"],"mcqzsfm7n":["ho78slibs"],"5i6ddlq95":["j1fzq392k"],"3lbjfr7lh":["tm4knhkwb"]}},{"id":"fq69fxzp0","name":"Kielmeyera rubriflora Cambess.","description":"Espécie com látex amarelado e ápice do limbo arredondado ou obtuso.","imageUrl":"https://picsum.photos/seed/Kielmeyera%20rubriflora%20Cambess./400/300","traits":{"7xgza122d":["paaswtgkq"],"dr2tesne7":["l1jtxfgjc"],"uape6pfs6":["u9bh3y7ot"],"gasx426q4":["ezaawrg1a"],"i9di9vig3":["22lsolr4m"],"42qh8mm6o":["3u90ni36r"],"kujz418rq":["8ggi0y2gi"],"4y0gcx7ox":["7kq44964a","7qhni4wue"]}},{"id":"tfvp4rg8d","name":"Kielmeyera variabilis Mart.","description":"Espécie com látex amarelado e limbo abaxial esverdeado.","imageUrl":"https://picsum.photos/seed/Kielmeyera%20variabilis%20Mart./400/300","traits":{"7xgza122d":["paaswtgkq"],"dr2tesne7":["l1jtxfgjc"],"uape6pfs6":["u9bh3y7ot"],"gasx426q4":["ezaawrg1a"],"i9di9vig3":["22lsolr4m"],"42qh8mm6o":["3u90ni36r"],"kujz418rq":["i6acz43zs"],"ds3p65zgb":["2uefu1pgx"]}},{"id":"boa1x3xli","name":"Connarus suberosus Planch.","description":"Espécie com folhas pinadas, folíolos opostos e pecíolo tomentoso.","imageUrl":"https://picsum.photos/seed/Connarus%20suberosus%20Planch./400/300","traits":{"7xgza122d":["ef3wdpb8d"],"jqeqbucak":["b9nx37dsx"],"mdj365cmj":["c653s1jq0"],"7s0sscxxz":["cs28lulke"],"brhqmavmt":["38racr5v2"],"lo3orkgfz":["tc4ku686t"],"bjy2fde5w":["eyjom15uj"],"czc41uhig":["91ei9d2zn"]}},{"id":"10fby5wfk","name":"Diospyros hispida A.DC.","description":"Espécie com tricomas dispostos pelo limbo e indumento adaxial hirsuto.","imageUrl":"https://picsum.photos/seed/Diospyros%20hispida%20A.DC./400/300","traits":{"7xgza122d":["paaswtgkq"],"dr2tesne7":["l1jtxfgjc"],"uape6pfs6":["u9bh3y7ot"],"gasx426q4":["6b24p94x3","1qmbecf8r"],"9xzcwuhnx":["ucv9b01ua","opa7su6c4"],"oz37nv9j3":["jneq874fa"]}},{"id":"7sgt8sgz8","name":"Erythroxylum suberosum A.St.-Hil.","description":"Espécie de cerrado com estípulas persistentes e folhas menores.","imageUrl":"https://picsum.photos/seed/Erythroxylum%20suberosum%20A.St.-Hil./400/300","traits":{"7xgza122d":["paaswtgkq"],"dr2tesne7":["l1jtxfgjc"],"uape6pfs6":["3wjumnaqc"],"mcqzsfm7n":["mo8jda4dc"],"x6oqgbxua":["yyp8vg2uo"],"kujz418rq":["e62c59zpz"],"h68tn98fn":["ittjjbm5o"]}},{"id":"5bw9beov1","name":"Erythroxylum tortuosum Mart.","description":"Espécie de cerrado com estípulas persistentes e folhas maiores.","imageUrl":"https://picsum.photos/seed/Erythroxylum%20tortuosum%20Mart./400/300","traits":{"7xgza122d":["paaswtgkq"],"dr2tesne7":["l1jtxfgjc"],"uape6pfs6":["3wjumnaqc"],"mcqzsfm7n":["mo8jda4dc"],"x6oqgbxua":["yyp8vg2uo"],"kujz418rq":["4wgkhqckm"],"h68tn98fn":["ittjjbm5o"]}},{"id":"59svvspob","name":"Acosmium dasycarpum (Vog.) Yakovlev","description":"Espécie com folhas pinadas, folíolos opostos e pecíolo pubescente.","imageUrl":"https://picsum.photos/seed/Acosmium%20dasycarpum%20(Vog.)%20Yakovlev/400/300","traits":{"7xgza122d":["ef3wdpb8d"],"jqeqbucak":["b9nx37dsx"],"mdj365cmj":["c653s1jq0"],"7s0sscxxz":["cs28lulke"],"brhqmavmt":["38racr5v2"],"lo3orkgfz":["tc4ku686t"],"bjy2fde5w":["gftoqvv2y"],"gasx426q4":["6b24p94x3","1qmbecf8r"],"czc41uhig":["x3lb0v60w"]}},{"id":"lly2nzcym","name":"Acosmium subelegans (Mohlenbr.) Yakovlev","description":"Espécie com folhas pinadas, folíolos opostos e tricomas ausentes.","imageUrl":"https://picsum.photos/seed/Acosmium%20subelegans%20(Mohlenbr.)%20Yakovlev/400/300","traits":{"7xgza122d":["ef3wdpb8d"],"jqeqbucak":["b9nx37dsx"],"mdj365cmj":["c653s1jq0","9fl0frlsh"],"7s0sscxxz":["cs28lulke"],"brhqmavmt":["38racr5v2"],"lo3orkgfz":["tc4ku686t"],"bjy2fde5w":["gftoqvv2y"],"gasx426q4":["ezaawrg1a"]}},{"id":"op95gogxv","name":"Bowdichia virgilioides Kunth","description":"Espécie com folhas pinadas, folíolos opostos e indumento pubérulo.","imageUrl":"https://picsum.photos/seed/Bowdichia%20virgilioides%20Kunth/400/300","traits":{"7xgza122d":["ef3wdpb8d"],"jqeqbucak":["b9nx37dsx"],"mdj365cmj":["c653s1jq0"],"7s0sscxxz":["cs28lulke"],"brhqmavmt":["38racr5v2"],"lo3orkgfz":["tc4ku686t"],"bjy2fde5w":["gftoqvv2y"],"x6oqgbxua":["yyp8vg2uo"],"gasx426q4":["1qmbecf8r"],"oz37nv9j3":["4so5f82rq"]}},{"id":"jr2rqw7gc","name":"Dalbergia miscolobium Benth.","description":"Espécie com folhas pinadas, folíolos subopostos e estípulas laterais.","imageUrl":"https://picsum.photos/seed/Dalbergia%20miscolobium%20Benth./400/300","traits":{"7xgza122d":["ef3wdpb8d"],"jqeqbucak":["b9nx37dsx"],"mdj365cmj":["c653s1jq0"],"7s0sscxxz":["cs28lulke"],"brhqmavmt":["38racr5v2"],"lo3orkgfz":["mkax5eynm"],"mn2y5iks4":["vmtwm4ch2"]}},{"id":"w6ntlr4gd","name":"Casearia sylvestris Sw.","description":"Espécie com margem do limbo serrilhada.","imageUrl":"https://picsum.photos/seed/Casearia%20sylvestris%20Sw./400/300","traits":{"h68tn98fn":["ytwzf378v"]}},{"id":"nafy4wlot","name":"Strychnos pseudoquina A.St.-Hil.","description":"Árvore com nervação acródroma suprabasal e indumento adaxial esverdeado.","imageUrl":"https://picsum.photos/seed/Strychnos%20pseudoquina%20A.St.-Hil./400/300","traits":{"7xgza122d":["paaswtgkq"],"dr2tesne7":["h8m6y7345"],"brhqmavmt":["snspgxx2k"],"uape6pfs6":["u9bh3y7ot"],"5i6ddlq95":["2rjj6ucmn"],"9xzcwuhnx":["4za7j97zt"]}},{"id":"fj2cu6zjt","name":"Lafoensia pacari A.St.-Hil.","description":"Árvore com filotaxia opostas dísticas e exsudato caulinar ausente.","imageUrl":"https://picsum.photos/seed/Lafoensia%20pacari%20A.St.-Hil./400/300","traits":{"7xgza122d":["paaswtgkq"],"dr2tesne7":["h8m6y7345","h46s0mol8"],"brhqmavmt":["snspgxx2k"],"uape6pfs6":["u9bh3y7ot"],"5i6ddlq95":["u23ngp1w8"],"0z8ehxmxh":["8ww2z9c52"],"x6oqgbxua":["yyp8vg2uo","db8famkkm"],"m9uzm1vuu":["zdykgu5bh"]}},{"id":"i5dnpzdm5","name":"Banisteriopsis campestris (A.Juss.) Little","description":"Arbusto de cerrado com limbo cordado e ápice acuminado.","imageUrl":"https://picsum.photos/seed/Banisteriopsis%20campestris%20(A.Juss.)%20Little/400/300","traits":{"7xgza122d":["paaswtgkq"],"dr2tesne7":["h8m6y7345"],"brhqmavmt":["snspgxx2k"],"uape6pfs6":["u9bh3y7ot"],"5i6ddlq95":["u23ngp1w8"],"0z8ehxmxh":["8ww2z9c52"],"x6oqgbxua":["yyp8vg2uo","smnib3lnr"],"gasx426q4":["6b24p94x3"],"kujz418rq":["9c75mup44"],"4y0gcx7ox":["lnw621ipx"]}},{"id":"in6v6kz6g","name":"Banisteriopsis stellaris (Griseb.) B.Gates","description":"Arbusto de cerrado com tricomas ausentes no limbo e córtex liso.","imageUrl":"https://picsum.photos/seed/Banisteriopsis%20stellaris%20(Griseb.)%20B.Gates/400/300","traits":{"7xgza122d":["paaswtgkq"],"dr2tesne7":["h8m6y7345"],"brhqmavmt":["snspgxx2k"],"uape6pfs6":["u9bh3y7ot"],"5i6ddlq95":["u23ngp1w8"],"0z8ehxmxh":["8ww2z9c52"],"x6oqgbxua":["yyp8vg2uo","smnib3lnr"],"gasx426q4":["ezaawrg1a"],"3lbjfr7lh":["z4cwdbbnv"]}},{"id":"ogv8x646s","name":"Byrsonima coccolobifolia Kunth","description":"Árvore com estípulas presentes, nervura secundária proeminente e inserção axilar.","imageUrl":"https://picsum.photos/seed/Byrsonima%20coccolobifolia%20Kunth/400/300","traits":{"7xgza122d":["paaswtgkq"],"dr2tesne7":["h8m6y7345"],"brhqmavmt":["snspgxx2k"],"uape6pfs6":["u9bh3y7ot","3wjumnaqc"],"5i6ddlq95":["u23ngp1w8","sn9pctkme"],"0z8ehxmxh":["8ww2z9c52"],"x6oqgbxua":["yyp8vg2uo","smnib3lnr"],"gasx426q4":["6b24p94x3"],"kujz418rq":["ibxh7rfxr"],"n2qsip9co":["61uvlkpci"],"0b8p18pi7":["6jkoq33iu"],"mn2y5iks4":["nnfrosy9v"]}},{"id":"y19kz788w","name":"Byrsonima crassifolia (L.) Kunth","description":"Árvore com estípulas presentes, nervura secundária impressa e margem plana.","imageUrl":"https://picsum.photos/seed/Byrsonima%20crassifolia%20(L.)%20Kunth/400/300","traits":{"7xgza122d":["paaswtgkq"],"dr2tesne7":["h8m6y7345"],"brhqmavmt":["snspgxx2k"],"uape6pfs6":["u9bh3y7ot","3wjumnaqc"],"5i6ddlq95":["u23ngp1w8","sn9pctkme"],"0z8ehxmxh":["8ww2z9c52"],"x6oqgbxua":["yyp8vg2uo","smnib3lnr"],"gasx426q4":["6b24p94x3","1qmbecf8r"],"kujz418rq":["ibxh7rfxr"],"n2qsip9co":["61uvlkpci"],"0b8p18pi7":["6jkoq33iu"],"mn2y5iks4":["nnfrosy9v"],"h68tn98fn":["ed6msrb2s"]}},{"id":"t1fw4qc3x","name":"Byrsonima intermedia A.Juss.","description":"Árvore com estípulas presentes, nervura secundária impressa e margem plana.","imageUrl":"https://picsum.photos/seed/Byrsonima%20intermedia%20A.Juss./400/300","traits":{"7xgza122d":["paaswtgkq"],"dr2tesne7":["h8m6y7345"],"brhqmavmt":["snspgxx2k"],"uape6pfs6":["u9bh3y7ot","3wjumnaqc"],"5i6ddlq95":["u23ngp1w8","sn9pctkme"],"0z8ehxmxh":["8ww2z9c52"],"x6oqgbxua":["yyp8vg2uo","smnib3lnr"],"gasx426q4":["6b24p94x3"],"kujz418rq":["ibxh7rfxr"],"n2qsip9co":["61uvlkpci"],"0b8p18pi7":["6jkoq33iu"],"h68tn98fn":["ed6msrb2s"]}},{"id":"nsetj3tpg","name":"Byrsonima verbascifolia (L.) Rich. ex Juss.","description":"Arbusto de cerrado com limbo liso e indumento pubescente.","imageUrl":"https://picsum.photos/seed/Byrsonima%20verbascifolia%20(L.)%20Rich.%20ex%20Juss./400/300","traits":{"7xgza122d":["paaswtgkq"],"dr2tesne7":["h8m6y7345"],"brhqmavmt":["snspgxx2k"],"uape6pfs6":["u9bh3y7ot"],"5i6ddlq95":["u23ngp1w8","sn9pctkme"],"0z8ehxmxh":["8ww2z9c52"],"x6oqgbxua":["yyp8vg2uo","smnib3lnr"],"gasx426q4":["6b24p94x3"],"kujz418rq":["ibxh7rfxr"],"n2qsip9co":["61uvlkpci"],"0b8p18pi7":["s8enbvj76"],"9xzcwuhnx":["ua5owbi7p"]}},{"id":"v70x3qt97","name":"Leandra lacunosa Cogn.","description":"Espécie com face adaxial velutina e indumento abaxial hirsuto.","imageUrl":"https://picsum.photos/seed/Leandra%20lacunosa%20Cogn./400/300","traits":{"7xgza122d":["paaswtgkq"],"dr2tesne7":["h8m6y7345"],"brhqmavmt":["snspgxx2k"],"uape6pfs6":["u9bh3y7ot"],"5i6ddlq95":["j3b9flyvc"],"9xzcwuhnx":["yebo68rup"],"oz37nv9j3":["c5a4jagl9"]}},{"id":"iciow4e6k","name":"Miconia albicans (Sw.) Triana","description":"Espécie com indumento abaxial esbranquiçado e glândula externa ausente.","imageUrl":"https://picsum.photos/seed/Miconia%20albicans%20(Sw.)%20Triana/400/300","traits":{"7xgza122d":["paaswtgkq"],"dr2tesne7":["h8m6y7345"],"brhqmavmt":["snspgxx2k"],"uape6pfs6":["u9bh3y7ot"],"5i6ddlq95":["j3b9flyvc"],"9xzcwuhnx":["kulk12c7r"]}},{"id":"tor3c3boz","name":"Miconia rubiginosa (Bonpl.) DC.","description":"Espécie com face abaxial ferrugínea e glândula externa presente.","imageUrl":"https://picsum.photos/seed/Miconia%20rubiginosa%20(Bonpl.)%20DC./400/300","traits":{"7xgza122d":["paaswtgkq"],"dr2tesne7":["h8m6y7345"],"brhqmavmt":["snspgxx2k"],"uape6pfs6":["u9bh3y7ot"],"5i6ddlq95":["j3b9flyvc"],"x6oqgbxua":["ak7t1jp27"],"9xzcwuhnx":["xgn7uxgzy"]}},{"id":"7rcwmjj2l","name":"Anadenanthera falcata (Benth.) Speg.","description":"Árvore com folhas bipinadas e estrutura secretora externa presente.","imageUrl":"https://picsum.photos/seed/Anadenanthera%20falcata%20(Benth.)%20Speg./400/300","traits":{"7xgza122d":["ef3wdpb8d"],"jqeqbucak":["b9nx37dsx"],"mdj365cmj":["c653s1jq0"],"7s0sscxxz":["cs28lulke"],"brhqmavmt":["3q3tzd7n6","5ykrkjgxc"]}},{"id":"fa36dwpp2","name":"Stryphnodendron adstringens (Mart.) Coville","description":"Árvore com domáceas presentes e casca com cicatrizes foliares/saliências/lenticelas.","imageUrl":"https://picsum.photos/seed/Stryphnodendron%20adstringens%20(Mart.)%20Coville/400/300","traits":{"7xgza122d":["ef3wdpb8d"],"jqeqbucak":["b9nx37dsx"],"mdj365cmj":["c653s1jq0"],"7s0sscxxz":["mda9p9aof"],"kujz418rq":["fvhni2cv3"],"ofe3ddh5x":["9sownueu4","my6j4b3q8","p045nfht2"]}},{"id":"5rp6hmkpm","name":"Stryphnodendron obovatum Mart.","description":"Árvore com domáceas presentes e casca com aneis transversais.","imageUrl":"https://picsum.photos/seed/Stryphnodendron%20obovatum%20Mart./400/300","traits":{"7xgza122d":["ef3wdpb8d"],"jqeqbucak":["b9nx37dsx"],"mdj365cmj":["c653s1jq0"],"7s0sscxxz":["mda9p9aof"],"kujz418rq":["tmkl9hm4i"],"ofe3ddh5x":["p6lx34t8z"]}},{"id":"5uww6l4sw","name":"Rapanea ferruginea (Ruiz & Pav.) Mez","description":"Espécie com tricomas ferrugíneos, glândulas internas e nervação reticulódroma.","imageUrl":"https://picsum.photos/seed/Rapanea%20ferruginea%20(Ruiz%20%26%20Pav.)%20Mez/400/300","traits":{"7xgza122d":["paaswtgkq"],"dr2tesne7":["l1jtxfgjc"],"uape6pfs6":["u9bh3y7ot"],"gasx426q4":["6b24p94x3","hvfezpnzt"],"oz37nv9j3":["aqir6ys2p"],"18zkmdy08":["xsmjqzfxm"],"5i6ddlq95":["z1faozqdi"]}},{"id":"r2pwq4cbi","name":"Rapanea guyanensis Aubl.","description":"Espécie com tricomas ferrugíneos opacos e margem do limbo ondulada.","imageUrl":"https://picsum.photos/seed/Rapanea%20guyanensis%20Aubl./400/300","traits":{"7xgza122d":["paaswtgkq"],"dr2tesne7":["l1jtxfgjc"],"uape6pfs6":["u9bh3y7ot"],"gasx426q4":["ezaawrg1a"],"i9di9vig3":["tbsfcozfd"],"umqdgdwcg":["tbdilhn7c"],"18zkmdy08":["xsmjqzfxm"],"h68tn98fn":["ittjjbm5o"]}},{"id":"dqmb3tt0y","name":"Blepharocalyx salicifolius (H.B.K.) O.Berg","description":"Espécie com glândulas internas, córtex não fissurado e margem inteira.","imageUrl":"https://picsum.photos/seed/Blepharocalyx%20salicifolius%20(H.B.K.)%20O.Berg/400/300","traits":{"7xgza122d":["paaswtgkq"],"dr2tesne7":["h8m6y7345"],"brhqmavmt":["snspgxx2k"],"uape6pfs6":["u9bh3y7ot"],"5i6ddlq95":["u23ngp1w8","sn9pctkme"],"0z8ehxmxh":["4o2bhezie"],"3lbjfr7lh":["p5b3fud0h"],"h68tn98fn":["kl4156r88"]}},{"id":"qn5xuznre","name":"Eugenia aurata O.Berg","description":"Espécie de cerrado com filotaxia suboposta e folhas simples.","imageUrl":"https://picsum.photos/seed/Eugenia%20aurata%20O.Berg/400/300","traits":{"7xgza122d":["paaswtgkq"],"dr2tesne7":["h8m6y7345","6479gtlyo"],"brhqmavmt":["snspgxx2k"],"uape6pfs6":["u9bh3y7ot"]}},{"id":"w4d8xujon","name":"Eugenia pyriformis Cambess.","description":"Espécie com córtex fissurado rugoso e estrutura externa no pecíolo ausente.","imageUrl":"https://picsum.photos/seed/Eugenia%20pyriformis%20Cambess./400/300","traits":{"7xgza122d":["paaswtgkq"],"dr2tesne7":["h8m6y7345"],"brhqmavmt":["snspgxx2k"],"uape6pfs6":["u9bh3y7ot"],"5i6ddlq95":["u23ngp1w8","paol3uo90"],"0z8ehxmxh":["4o2bhezie"],"3lbjfr7lh":["1ke0nzj8j","bq89qnvt0"],"hwm52bflq":["u1q5ljuax"]}},{"id":"uohacoyr9","name":"Myrcia bella Cambess.","description":"Espécie com córtex fissurado longitudinalmente e limbo abaxial incano.","imageUrl":"https://picsum.photos/seed/Myrcia%20bella%20Cambess./400/300","traits":{"7xgza122d":["paaswtgkq"],"dr2tesne7":["h8m6y7345"],"brhqmavmt":["snspgxx2k"],"uape6pfs6":["u9bh3y7ot"],"5i6ddlq95":["u23ngp1w8"],"0z8ehxmxh":["4o2bhezie"],"3lbjfr7lh":["1ke0nzj8j"],"ds3p65zgb":["ps89a1rfn"]}},{"id":"qidr5ds1c","name":"Myrcia lingua (O.Berg) Mattos","description":"Espécie de cerrado com filotaxia variável, tricomas e glândulas internas presentes.","imageUrl":"https://picsum.photos/seed/Myrcia%20lingua%20(O.Berg)%20Mattos/400/300","traits":{"7xgza122d":["paaswtgkq"],"dr2tesne7":["l1jtxfgjc","h8m6y7345"],"uape6pfs6":["u9bh3y7ot"],"gasx426q4":["hvfezpnzt"],"oz37nv9j3":["aqir6ys2p","qlm1o4tih"],"18zkmdy08":["xsmjqzfxm"],"5i6ddlq95":["u23ngp1w8","paol3uo90"],"0z8ehxmxh":["4o2bhezie"],"3lbjfr7lh":["p5b3fud0h"],"x6oqgbxua":["nltquw355"]}},{"id":"hj2e2g65u","name":"Guapira noxia (Netto) Lundell","description":"Espécie de cerrado com tricomas castanho-avermelhados e indumento adaxial esverdeado.","imageUrl":"https://picsum.photos/seed/Guapira%20noxia%20(Netto)%20Lundell/400/300","traits":{"7xgza122d":["paaswtgkq"],"dr2tesne7":["l1jtxfgjc"],"uape6pfs6":["u9bh3y7ot","u9bh3y7ot"],"gasx426q4":["ezaawrg1a"],"i9di9vig3":["tbsfcozfd"],"umqdgdwcg":["l4i62wdrq"],"18zkmdy08":["53cjsx1qa"],"9xzcwuhnx":["4za7j97zt"]}},{"id":"y9zeseus2","name":"Neea theifera Oerst.","description":"Espécie com limbo carnoso e indumento adaxial glauco.","imageUrl":"https://picsum.photos/seed/Neea%20theifera%20Oerst./400/300","traits":{"7xgza122d":["paaswtgkq"],"dr2tesne7":["h8m6y7345"],"brhqmavmt":["snspgxx2k"],"uape6pfs6":["u9bh3y7ot"],"5i6ddlq95":["u23ngp1w8","sn9pctkme"],"0z8ehxmxh":["8ww2z9c52"],"x6oqgbxua":["yyp8vg2uo","smnib3lnr"],"gasx426q4":["6b24p94x3"],"kujz418rq":["ibxh7rfxr"],"9xzcwuhnx":["4dgba9kjy"]}},{"id":"f4objo0yw","name":"Ouratea spectabilis (Mart.) Engl.","description":"Arbusto de cerrado com estípulas caducas e nervação craspedódroma.","imageUrl":"https://picsum.photos/seed/Ouratea%20spectabilis%20(Mart.)%20Engl./400/300","traits":{"7xgza122d":["paaswtgkq"],"dr2tesne7":["l1jtxfgjc"],"uape6pfs6":["3wjumnaqc"],"mcqzsfm7n":["ho78slibs"],"5i6ddlq95":["bzr8vubu7"]}},{"id":"hze5hs87g","name":"Tocoyena formosa (Cham. & Schltdl.) K.Schum.","description":"Espécie com estípulas interpeciolares e indumento adaxial velutino.","imageUrl":"https://picsum.photos/seed/Tocoyena%20formosa%20(Cham.%20%26%20Schltdl.)%20K.Schum./400/300","traits":{"7xgza122d":["paaswtgkq"],"dr2tesne7":["h8m6y7345"],"brhqmavmt":["snspgxx2k"],"uape6pfs6":["u9bh3y7ot","3wjumnaqc"],"5i6ddlq95":["u23ngp1w8","sn9pctkme"],"0z8ehxmxh":["8ww2z9c52"],"x6oqgbxua":["yyp8vg2uo","smnib3lnr"],"gasx426q4":["6b24p94x3","1qmbecf8r"],"kujz418rq":["ibxh7rfxr"],"n2qsip9co":["61uvlkpci"],"0b8p18pi7":["6jkoq33iu"],"mn2y5iks4":["jtm7thfvp"],"9xzcwuhnx":["yebo68rup"]}},{"id":"ka5bs4omn","name":"Pouteria ramiflora (Mart.) Radlk.","description":"Árvore com látex esbranquiçado e folhas glabras a pubescentes.","imageUrl":"https://picsum.photos/seed/Pouteria%20ramiflora%20(Mart.)%20Radlk./400/300","traits":{"7xgza122d":["paaswtgkq"],"dr2tesne7":["l1jtxfgjc"],"uape6pfs6":["u9bh3y7ot"],"gasx426q4":["ezaawrg1a"],"i9di9vig3":["22lsolr4m"],"42qh8mm6o":["j9s7187ha"],"t71ozta4y":["hm0wmuovu"],"oz37nv9j3":["kosvdfepq"],"m9uzm1vuu":["21t2pnnum"]}},{"id":"s9xg5zfq7","name":"Pouteria torta (Mart.) Radlk.","description":"Árvore com látex esbranquiçado e folhas pilosas ferrugíneas.","imageUrl":"https://picsum.photos/seed/Pouteria%20torta%20(Mart.)%20Radlk./400/300","traits":{"7xgza122d":["paaswtgkq"],"dr2tesne7":["l1jtxfgjc"],"uape6pfs6":["u9bh3y7ot"],"gasx426q4":["ezaawrg1a"],"i9di9vig3":["22lsolr4m"],"42qh8mm6o":["j9s7187ha"],"t71ozta4y":["hm0wmuovu"],"oz37nv9j3":["q6sx8pgnn"],"9xzcwuhnx":["7b0mt6c5q"]}},{"id":"cwp19dx0x","name":"Solanum sp","description":"Espécie de cerrado com folhas verticiladas e indumento adaxial velutino.","imageUrl":"https://picsum.photos/seed/Solanum%20sp/400/300","traits":{"7xgza122d":["paaswtgkq"],"dr2tesne7":["h8m6y7345"],"brhqmavmt":["ow5w1emq0"],"uape6pfs6":["3wjumnaqc"],"mcqzsfm7n":["ho78slibs"],"9xzcwuhnx":["yebo68rup"]}},{"id":"sltoe64ku","name":"Styrax ferrugineus Nees & Mart.","description":"Espécie com tricomas ferrugíneos e glândulas internas ausentes.","imageUrl":"https://picsum.photos/seed/Styrax%20ferrugineus%20Nees%20%26%20Mart./400/300","traits":{"7xgza122d":["paaswtgkq"],"dr2tesne7":["l1jtxfgjc"],"uape6pfs6":["u9bh3y7ot"],"gasx426q4":["6b24p94x3","hvfezpnzt"],"oz37nv9j3":["aqir6ys2p"],"18zkmdy08":["53cjsx1qa"],"9xzcwuhnx":["xgn7uxgzy"]}},{"id":"rjgbp8cet","name":"Aegiphila lhotzkiana Cham.","description":"Arbusto com glândula secretora externa próxima à nervura primária e indumento esbranquiçado.","imageUrl":"https://picsum.photos/seed/Aegiphila%20lhotzkiana%20Cham./400/300","traits":{"7xgza122d":["paaswtgkq"],"dr2tesne7":["h8m6y7345"],"brhqmavmt":["snspgxx2k"],"uape6pfs6":["u9bh3y7ot"],"0z8ehxmxh":["8ww2z9c52"],"x6oqgbxua":["cr2bsfuae","yyp8vg2uo","smnib3lnr"],"5i6ddlq95":["u23ngp1w8","vuhe60xzd"],"gasx426q4":["6b24p94x3"],"kujz418rq":["ibxh7rfxr"],"9xzcwuhnx":["kulk12c7r"]}},{"id":"bkytkat1v","name":"Qualea grandiflora Mart.","description":"Árvore com córtex suberoso sulcado e pecíolo tomentoso.","imageUrl":"https://picsum.photos/seed/Qualea%20grandiflora%20Mart./400/300","traits":{"7xgza122d":["paaswtgkq"],"dr2tesne7":["h8m6y7345"],"brhqmavmt":["snspgxx2k"],"uape6pfs6":["u9bh3y7ot"],"5i6ddlq95":["u23ngp1w8","paol3uo90"],"0z8ehxmxh":["4o2bhezie"],"3lbjfr7lh":["1ke0nzj8j","k3ulbbydp"],"hwm52bflq":["mgcou05vu"],"n2qsip9co":["61uvlkpci"],"czc41uhig":["91ei9d2zn"]}},{"id":"hx4lzlb2l","name":"Qualea multiflora Mart.","description":"Árvore com córtex suberoso fissurado e pecíolo pubescente.","imageUrl":"https://picsum.photos/seed/Qualea%20multiflora%20Mart./400/300","traits":{"7xgza122d":["paaswtgkq"],"dr2tesne7":["h8m6y7345"],"brhqmavmt":["snspgxx2k"],"uape6pfs6":["u9bh3y7ot"],"5i6ddlq95":["u23ngp1w8","paol3uo90"],"0z8ehxmxh":["4o2bhezie"],"3lbjfr7lh":["1ke0nzj8j","f7f8uhpdl"],"hwm52bflq":["mgcou05vu"],"n2qsip9co":["b7hsysfub"],"czc41uhig":["x3lb0v60w"]}},{"id":"o017osdo4","name":"Vochysia cinnamomea Pohl","description":"Árvore com estípulas interpeciolares persistentes e pecíolo velutino.","imageUrl":"https://picsum.photos/seed/Vochysia%20cinnamomea%20Pohl/400/300","traits":{"7xgza122d":["paaswtgkq"],"dr2tesne7":["h8m6y7345"],"brhqmavmt":["snspgxx2k"],"uape6pfs6":["3wjumnaqc"],"mcqzsfm7n":["mhrsip4d6"],"0z8ehxmxh":["8ww2z9c52"],"czc41uhig":["mlz1gnio8"],"mn2y5iks4":["jtm7thfvp"]}},{"id":"y21fro3fi","name":"Vochysia tucanorum Mart.","description":"Árvore com estípulas interpeciolares persistentes.","imageUrl":"https://picsum.photos/seed/Vochysia%20tucanorum%20Mart./400/300","traits":{"7xgza122d":["paaswtgkq"],"dr2tesne7":["h8m6y7345"],"brhqmavmt":["snspgxx2k"],"uape6pfs6":["3wjumnaqc"],"mcqzsfm7n":["mhrsip4d6"],"mn2y5iks4":["jtm7thfvp"]}}]}