{"id":"10x4bvxfe","name":"Chave de Identificação para Swartzia da Mata Atlântica","description":"Esta chave interativa permite a identificação de espécies do gênero Swartzia encontradas na Mata Atlântica brasileira, baseada em características morfológicas vegetativas e reprodutivas. O gênero Swartzia (Fabaceae, Papilionoideae) é diversificado na região, com espécies variando em porte, tipo de folha, características florais e frutíferas.","features":[{"id":"0sqgcua5g","name":"Tipo de Folha","imageUrl":"","states":[{"id":"q3pkara81","label":"Unifoliolada"},{"id":"9x22x0yb4","label":"Composta imparipinada"}]},{"id":"6tf83qcsx","name":"Número de Folíolos (quando composta)","imageUrl":"","states":[{"id":"cwbi5783d","label":"1"},{"id":"gl6ny259l","label":"2-3"},{"id":"65fu386bv","label":"4-7"},{"id":"eynp0gi2z","label":"8 ou mais"}]},{"id":"jbcjd7l63","name":"Pétala Estândarte","imageUrl":"","states":[{"id":"jugfml33q","label":"Presente, amarela"},{"id":"1yosxohvk","label":"Presente, branca/creme"},{"id":"bi1wlgt0w","label":"Ausente"}]},{"id":"e50sp2k01","name":"Indumento do Ovário","imageUrl":"","states":[{"id":"2iyes4pur","label":"Glabro"},{"id":"d5ui2g2ka","label":"Piloso/Seríceo"}]},{"id":"u94e4dz03","name":"Tipo de Inflorescência","imageUrl":"","states":[{"id":"civc0k03c","label":"Racemo axilar"},{"id":"6bybbzq5h","label":"Racemo terminal"},{"id":"o6vajjuw5","label":"Panícula"}]},{"id":"ob86s3r0f","name":"Fruto (Forma Geral)","imageUrl":"","states":[{"id":"jhlogk774","label":"Legume globoso/ovoide"},{"id":"g7m9yijq7","label":"Legume alongado/cilíndrico"},{"id":"ui4qzvkkh","label":"Legume comprimido"}]},{"id":"kx8rvxyf0","name":"Presença de Estipelas","imageUrl":"","states":[{"id":"8y5t0392z","label":"Ausente"},{"id":"u5bp5bsrn","label":"Presente"}]},{"id":"ppi6iekmu","name":"Indumento dos Ramos Jovens","imageUrl":"","states":[{"id":"78kgy21v3","label":"Glabros"},{"id":"8oquoyz8q","label":"Pubescentes/Pilosos"},{"id":"9y7rvcvzo","label":"Seríceos/Tomentosos"}]}],"entities":[{"id":"9m70w51yh","name":"Swartzia langsdorffii","description":"Espécie arbórea comum em florestas e capoeiras, com flores amarelas vibrantes e frutos globosos. Apresenta folhas unifolioladas ou com poucos folíolos.","imageUrl":"https://picsum.photos/seed/Swartzia%20langsdorffii/400/300","traits":{"0sqgcua5g":["q3pkara81"],"6tf83qcsx":["cwbi5783d"],"jbcjd7l63":["jugfml33q"],"e50sp2k01":["d5ui2g2ka"],"u94e4dz03":["civc0k03c"],"ob86s3r0f":["jhlogk774"],"kx8rvxyf0":["8y5t0392z"],"ppi6iekmu":["8oquoyz8q"]}},{"id":"zi9321q3n","name":"Swartzia acutifolia","description":"Árvore de porte médio, com folíolos de ápice acuminado. Suas inflorescências são racemos terminais e os frutos, quando maduros, são globosos.","imageUrl":"https://picsum.photos/seed/Swartzia%20acutifolia/400/300","traits":{"0sqgcua5g":["9x22x0yb4"],"6tf83qcsx":["65fu386bv"],"jbcjd7l63":["jugfml33q"],"e50sp2k01":["2iyes4pur"],"u94e4dz03":["6bybbzq5h"],"ob86s3r0f":["jhlogk774"],"kx8rvxyf0":["u5bp5bsrn"],"ppi6iekmu":["78kgy21v3"]}},{"id":"kve661x9f","name":"Swartzia macrocarpa","description":"Conhecida pelos grandes frutos lenhosos e alongados. Possui folhas compostas com número variável de folíolos, e flores geralmente amarelas.","imageUrl":"https://picsum.photos/seed/Swartzia%20macrocarpa/400/300","traits":{"0sqgcua5g":["9x22x0yb4"],"6tf83qcsx":["gl6ny259l"],"jbcjd7l63":["jugfml33q"],"e50sp2k01":["2iyes4pur"],"u94e4dz03":["civc0k03c"],"ob86s3r0f":["g7m9yijq7"],"kx8rvxyf0":["8y5t0392z"],"ppi6iekmu":["78kgy21v3"]}},{"id":"6t0rf8uj8","name":"Swartzia flaemingii","description":"Espécie arbórea que se destaca pelas folhas compostas com muitos folíolos, densamente pubescentes na face abaxial. Flores amarelas e frutos ovoides.","imageUrl":"https://picsum.photos/seed/Swartzia%20flaemingii/400/300","traits":{"0sqgcua5g":["9x22x0yb4"],"6tf83qcsx":["eynp0gi2z"],"jbcjd7l63":["jugfml33q"],"e50sp2k01":["d5ui2g2ka"],"u94e4dz03":["civc0k03c"],"ob86s3r0f":["jhlogk774"],"kx8rvxyf0":["8y5t0392z"],"ppi6iekmu":["9y7rvcvzo"]}},{"id":"tuciai8ww","name":"Swartzia glazioviana","description":"Árvore de porte considerável, frequentemente com ramos jovens pubescentes. Folhas compostas, flores com pétalas amarelas e ovário glabro.","imageUrl":"https://picsum.photos/seed/Swartzia%20glazioviana/400/300","traits":{"0sqgcua5g":["9x22x0yb4"],"6tf83qcsx":["65fu386bv"],"jbcjd7l63":["jugfml33q"],"e50sp2k01":["2iyes4pur"],"u94e4dz03":["o6vajjuw5"],"ob86s3r0f":["g7m9yijq7"],"kx8rvxyf0":["8y5t0392z"],"ppi6iekmu":["8oquoyz8q"]}},{"id":"2da6untye","name":"Swartzia laxiflora","description":"Arbusto ou pequena árvore com inflorescências laxas e delicadas. Suas folhas podem ser unifolioladas ou compostas com poucos folíolos e estipelas presentes.","imageUrl":"https://picsum.photos/seed/Swartzia%20laxiflora/400/300","traits":{"0sqgcua5g":["q3pkara81"],"6tf83qcsx":["cwbi5783d"],"jbcjd7l63":["1yosxohvk"],"e50sp2k01":["d5ui2g2ka"],"u94e4dz03":["civc0k03c"],"ob86s3r0f":["jhlogk774"],"kx8rvxyf0":["u5bp5bsrn"],"ppi6iekmu":["78kgy21v3"]}},{"id":"ngzsmmvhb","name":"Swartzia panacoco","description":"Espécie com ampla distribuição, variando em morfologia. Geralmente apresenta folhas compostas e frutos lenhosos. As flores frequentemente têm pétala estândarte ausente.","imageUrl":"https://picsum.photos/seed/Swartzia%20panacoco/400/300","traits":{"0sqgcua5g":["9x22x0yb4"],"6tf83qcsx":["65fu386bv"],"jbcjd7l63":["bi1wlgt0w"],"e50sp2k01":["2iyes4pur"],"u94e4dz03":["6bybbzq5h"],"ob86s3r0f":["g7m9yijq7"],"kx8rvxyf0":["8y5t0392z"],"ppi6iekmu":["78kgy21v3"]}},{"id":"cdytgvrcc","name":"Swartzia oblanceolata","description":"Pequena árvore ou arbusto com folhas unifolioladas ou raramente bifolioladas, com folíolos de forma oblanceolada. Inflorescências curtas e ovário piloso.","imageUrl":"https://picsum.photos/seed/Swartzia%20oblanceolata/400/300","traits":{"0sqgcua5g":["q3pkara81"],"6tf83qcsx":["cwbi5783d"],"jbcjd7l63":["jugfml33q"],"e50sp2k01":["d5ui2g2ka"],"u94e4dz03":["civc0k03c"],"ob86s3r0f":["jhlogk774"],"kx8rvxyf0":["8y5t0392z"],"ppi6iekmu":["8oquoyz8q"]}},{"id":"61pgsnza5","name":"Swartzia tomentosa","description":"Caracterizada por seu forte indumento tomentoso em várias partes da planta, especialmente nos ramos jovens e pecíolos. Folhas compostas e flores amarelas.","imageUrl":"https://picsum.photos/seed/Swartzia%20tomentosa/400/300","traits":{"0sqgcua5g":["9x22x0yb4"],"6tf83qcsx":["65fu386bv"],"jbcjd7l63":["jugfml33q"],"e50sp2k01":["d5ui2g2ka"],"u94e4dz03":["civc0k03c"],"ob86s3r0f":["g7m9yijq7"],"kx8rvxyf0":["8y5t0392z"],"ppi6iekmu":["9y7rvcvzo"]}},{"id":"cwi0065kw","name":"Swartzia pickelii","description":"Pequena árvore ou arbusto, endêmica do Nordeste e partes da Mata Atlântica. Apresenta folhas unifolioladas ou compostas com poucos folíolos e ovário glabro.","imageUrl":"https://picsum.photos/seed/Swartzia%20pickelii/400/300","traits":{"0sqgcua5g":["q3pkara81"],"6tf83qcsx":["cwbi5783d"],"jbcjd7l63":["jugfml33q"],"e50sp2k01":["2iyes4pur"],"u94e4dz03":["civc0k03c"],"ob86s3r0f":["jhlogk774"],"kx8rvxyf0":["8y5t0392z"],"ppi6iekmu":["78kgy21v3"]}},{"id":"ncj901nid","name":"Swartzia burchellii","description":"Espécie arbórea com folhas compostas, folíolos elípticos a ovados, e inflorescências em panículas terminais. Ovário piloso.","imageUrl":"https://picsum.photos/seed/Swartzia%20burchellii/400/300","traits":{"0sqgcua5g":["9x22x0yb4"],"6tf83qcsx":["65fu386bv"],"jbcjd7l63":["jugfml33q"],"e50sp2k01":["d5ui2g2ka"],"u94e4dz03":["o6vajjuw5"],"ob86s3r0f":["g7m9yijq7"],"kx8rvxyf0":["8y5t0392z"],"ppi6iekmu":["8oquoyz8q"]}},{"id":"mngl968vf","name":"Swartzia cuspidata","description":"Pequena árvore caracterizada por folíolos com ápice cuspidado. Flores com pétala estândarte amarela e ovário glabro. Frutos ovoides.","imageUrl":"https://picsum.photos/seed/Swartzia%20cuspidata/400/300","traits":{"0sqgcua5g":["9x22x0yb4"],"6tf83qcsx":["gl6ny259l"],"jbcjd7l63":["jugfml33q"],"e50sp2k01":["2iyes4pur"],"u94e4dz03":["civc0k03c"],"ob86s3r0f":["jhlogk774"],"kx8rvxyf0":["u5bp5bsrn"],"ppi6iekmu":["78kgy21v3"]}},{"id":"k7qsgyrl5","name":"Swartzia ingifolia","description":"Árvore de porte médio, com folhas compostas que lembram as de Inga (folíolos opostos). Possui inflorescências em racemos terminais e ramos jovens pubescentes.","imageUrl":"https://picsum.photos/seed/Swartzia%20ingifolia/400/300","traits":{"0sqgcua5g":["9x22x0yb4"],"6tf83qcsx":["65fu386bv"],"jbcjd7l63":["jugfml33q"],"e50sp2k01":["d5ui2g2ka"],"u94e4dz03":["6bybbzq5h"],"ob86s3r0f":["g7m9yijq7"],"kx8rvxyf0":["u5bp5bsrn"],"ppi6iekmu":["8oquoyz8q"]}},{"id":"i0g5sjdag","name":"Swartzia jorori","description":"Pequena árvore encontrada em áreas de floresta. Caracteriza-se por folhas unifolioladas ou com 2-3 folíolos e flores com pétala estândarte ausente.","imageUrl":"https://picsum.photos/seed/Swartzia%20jorori/400/300","traits":{"0sqgcua5g":["q3pkara81"],"6tf83qcsx":["cwbi5783d"],"jbcjd7l63":["bi1wlgt0w"],"e50sp2k01":["2iyes4pur"],"u94e4dz03":["civc0k03c"],"ob86s3r0f":["jhlogk774"],"kx8rvxyf0":["8y5t0392z"],"ppi6iekmu":["78kgy21v3"]}},{"id":"46wtem0qh","name":"Swartzia longicarpa","description":"Arbusto ou árvore pequena, notável pelos frutos alongados. Apresenta folhas compostas com 4-7 folíolos e ovário piloso.","imageUrl":"https://picsum.photos/seed/Swartzia%20longicarpa/400/300","traits":{"0sqgcua5g":["9x22x0yb4"],"6tf83qcsx":["65fu386bv"],"jbcjd7l63":["jugfml33q"],"e50sp2k01":["d5ui2g2ka"],"u94e4dz03":["civc0k03c"],"ob86s3r0f":["g7m9yijq7"],"kx8rvxyf0":["8y5t0392z"],"ppi6iekmu":["8oquoyz8q"]}},{"id":"lsicqupbe","name":"Swartzia microcarpa","description":"Pequena árvore com folhas unifolioladas e frutos pequenos e globosos. Inflorescências curtas em racemos axilares.","imageUrl":"https://picsum.photos/seed/Swartzia%20microcarpa/400/300","traits":{"0sqgcua5g":["q3pkara81"],"6tf83qcsx":["cwbi5783d"],"jbcjd7l63":["jugfml33q"],"e50sp2k01":["2iyes4pur"],"u94e4dz03":["civc0k03c"],"ob86s3r0f":["jhlogk774"],"kx8rvxyf0":["8y5t0392z"],"ppi6iekmu":["78kgy21v3"]}},{"id":"1i13w01zw","name":"Swartzia racemosa","description":"Espécie comum em bordas de florestas, com inflorescências conspícuas em racemos terminais. Folhas compostas e ovário piloso.","imageUrl":"https://picsum.photos/seed/Swartzia%20racemosa/400/300","traits":{"0sqgcua5g":["9x22x0yb4"],"6tf83qcsx":["65fu386bv"],"jbcjd7l63":["jugfml33q"],"e50sp2k01":["d5ui2g2ka"],"u94e4dz03":["6bybbzq5h"],"ob86s3r0f":["jhlogk774"],"kx8rvxyf0":["u5bp5bsrn"],"ppi6iekmu":["8oquoyz8q"]}},{"id":"cvolc62gh","name":"Swartzia recurva","description":"Caracterizada por folíolos com margem recurva e ramos jovens glabros. Possui flores com pétala estândarte ausente e frutos ovoides.","imageUrl":"https://picsum.photos/seed/Swartzia%20recurva/400/300","traits":{"0sqgcua5g":["9x22x0yb4"],"6tf83qcsx":["gl6ny259l"],"jbcjd7l63":["bi1wlgt0w"],"e50sp2k01":["2iyes4pur"],"u94e4dz03":["civc0k03c"],"ob86s3r0f":["jhlogk774"],"kx8rvxyf0":["8y5t0392z"],"ppi6iekmu":["78kgy21v3"]}},{"id":"0nk8iaree","name":"Swartzia simplex","description":"Nome que sugere a simplicidade, mas pode apresentar folhas unifolioladas ou compostas. Flores amarelas e ovário glabro. Frutos comprimidos ou globosos.","imageUrl":"https://picsum.photos/seed/Swartzia%20simplex/400/300","traits":{"0sqgcua5g":["q3pkara81"],"6tf83qcsx":["cwbi5783d"],"jbcjd7l63":["jugfml33q"],"e50sp2k01":["2iyes4pur"],"u94e4dz03":["civc0k03c"],"ob86s3r0f":["ui4qzvkkh"],"kx8rvxyf0":["8y5t0392z"],"ppi6iekmu":["78kgy21v3"]}},{"id":"gdbq2g1ct","name":"Swartzia trinitensis","description":"Pequena árvore com folhas compostas de 4-7 folíolos e inflorescências em racemos terminais. Ovário piloso e frutos globosos.","imageUrl":"https://picsum.photos/seed/Swartzia%20trinitensis/400/300","traits":{"0sqgcua5g":["9x22x0yb4"],"6tf83qcsx":["65fu386bv"],"jbcjd7l63":["jugfml33q"],"e50sp2k01":["d5ui2g2ka"],"u94e4dz03":["6bybbzq5h"],"ob86s3r0f":["jhlogk774"],"kx8rvxyf0":["u5bp5bsrn"],"ppi6iekmu":["8oquoyz8q"]}},{"id":"vawtcqxne","name":"Swartzia ulei","description":"Arbusto ou árvore, com ramos jovens seríceos e folhas compostas. Apresenta flores com pétala estândarte branca/creme e ovário piloso.","imageUrl":"https://picsum.photos/seed/Swartzia%20ulei/400/300","traits":{"0sqgcua5g":["9x22x0yb4"],"6tf83qcsx":["eynp0gi2z"],"jbcjd7l63":["1yosxohvk"],"e50sp2k01":["d5ui2g2ka"],"u94e4dz03":["o6vajjuw5"],"ob86s3r0f":["g7m9yijq7"],"kx8rvxyf0":["8y5t0392z"],"ppi6iekmu":["9y7rvcvzo"]}},{"id":"lbuzyqk3i","name":"Swartzia anomala","description":"Espécie com características por vezes peculiares, por exemplo, número de folíolos e indumento variáveis. Pétala estândarte geralmente presente, amarela.","imageUrl":"https://picsum.photos/seed/Swartzia%20anomala/400/300","traits":{"0sqgcua5g":["9x22x0yb4"],"6tf83qcsx":["gl6ny259l"],"jbcjd7l63":["jugfml33q"],"e50sp2k01":["2iyes4pur"],"u94e4dz03":["civc0k03c"],"ob86s3r0f":["ui4qzvkkh"],"kx8rvxyf0":["8y5t0392z"],"ppi6iekmu":["8oquoyz8q"]}},{"id":"gux2zzqnc","name":"Swartzia aureosericea","description":"Destaca-se pelo indumento seríceo-dourado em ramos e face abaxial das folhas. Folhas compostas e flores amarelas.","imageUrl":"https://picsum.photos/seed/Swartzia%20aureosericea/400/300","traits":{"0sqgcua5g":["9x22x0yb4"],"6tf83qcsx":["65fu386bv"],"jbcjd7l63":["jugfml33q"],"e50sp2k01":["d5ui2g2ka"],"u94e4dz03":["6bybbzq5h"],"ob86s3r0f":["jhlogk774"],"kx8rvxyf0":["8y5t0392z"],"ppi6iekmu":["9y7rvcvzo"]}},{"id":"bh64a4fr5","name":"Swartzia argentea","description":"Nome referente ao indumento prateado em certas partes. Geralmente com folhas unifolioladas ou com poucos folíolos. Pétala estândarte ausente.","imageUrl":"https://picsum.photos/seed/Swartzia%20argentea/400/300","traits":{"0sqgcua5g":["q3pkara81"],"6tf83qcsx":["cwbi5783d"],"jbcjd7l63":["bi1wlgt0w"],"e50sp2k01":["d5ui2g2ka"],"u94e4dz03":["civc0k03c"],"ob86s3r0f":["g7m9yijq7"],"kx8rvxyf0":["8y5t0392z"],"ppi6iekmu":["9y7rvcvzo"]}},{"id":"v57katsk3","name":"Swartzia calophylla","description":"Espécie com folhas grandes e coriáceas. Ramos jovens glabros, flores amarelas e frutos alongados. Encontrada em florestas úmidas.","imageUrl":"https://picsum.photos/seed/Swartzia%20calophylla/400/300","traits":{"0sqgcua5g":["9x22x0yb4"],"6tf83qcsx":["gl6ny259l"],"jbcjd7l63":["jugfml33q"],"e50sp2k01":["2iyes4pur"],"u94e4dz03":["6bybbzq5h"],"ob86s3r0f":["g7m9yijq7"],"kx8rvxyf0":["u5bp5bsrn"],"ppi6iekmu":["78kgy21v3"]}},{"id":"mclhwzx7t","name":"Swartzia leiocalycina","description":"Pequena árvore com cálice glabro. Folhas compostas e inflorescências axilares. Pétala estândarte presente, amarela.","imageUrl":"https://picsum.photos/seed/Swartzia%20leiocalycina/400/300","traits":{"0sqgcua5g":["9x22x0yb4"],"6tf83qcsx":["65fu386bv"],"jbcjd7l63":["jugfml33q"],"e50sp2k01":["2iyes4pur"],"u94e4dz03":["civc0k03c"],"ob86s3r0f":["jhlogk774"],"kx8rvxyf0":["8y5t0392z"],"ppi6iekmu":["78kgy21v3"]}},{"id":"o8jflq8a5","name":"Swartzia stipulifera","description":"Distinta pela presença de estípulas notáveis na base das folhas. Folhas compostas e flores com pétala estândarte amarela.","imageUrl":"https://picsum.photos/seed/Swartzia%20stipulifera/400/300","traits":{"0sqgcua5g":["9x22x0yb4"],"6tf83qcsx":["eynp0gi2z"],"jbcjd7l63":["jugfml33q"],"e50sp2k01":["d5ui2g2ka"],"u94e4dz03":["6bybbzq5h"],"ob86s3r0f":["g7m9yijq7"],"kx8rvxyf0":["u5bp5bsrn"],"ppi6iekmu":["8oquoyz8q"]}},{"id":"pocx9jh80","name":"Swartzia alternifoliola","description":"Espécie com folhas compostas, onde os folíolos são por vezes alternos. Flores amarelas e ovário glabro. Frutos comprimidos.","imageUrl":"https://picsum.photos/seed/Swartzia%20alternifoliola/400/300","traits":{"0sqgcua5g":["9x22x0yb4"],"6tf83qcsx":["65fu386bv"],"jbcjd7l63":["jugfml33q"],"e50sp2k01":["2iyes4pur"],"u94e4dz03":["civc0k03c"],"ob86s3r0f":["ui4qzvkkh"],"kx8rvxyf0":["8y5t0392z"],"ppi6iekmu":["78kgy21v3"]}},{"id":"8gl1g7dep","name":"Swartzia corrugata","description":"Árvore de porte médio, com folíolos coriáceos e, por vezes, corrugados. Flores amarelas e ovário piloso. Frutos globosos.","imageUrl":"https://picsum.photos/seed/Swartzia%20corrugata/400/300","traits":{"0sqgcua5g":["9x22x0yb4"],"6tf83qcsx":["gl6ny259l"],"jbcjd7l63":["jugfml33q"],"e50sp2k01":["d5ui2g2ka"],"u94e4dz03":["civc0k03c"],"ob86s3r0f":["jhlogk774"],"kx8rvxyf0":["8y5t0392z"],"ppi6iekmu":["8oquoyz8q"]}},{"id":"2y3l7njg1","name":"Swartzia grandifolia","description":"Reconhecida por suas folhas notavelmente grandes e inflorescências vistosas. Possui ramos jovens pubescentes e frutos alongados.","imageUrl":"https://picsum.photos/seed/Swartzia%20grandifolia/400/300","traits":{"0sqgcua5g":["9x22x0yb4"],"6tf83qcsx":["65fu386bv"],"jbcjd7l63":["jugfml33q"],"e50sp2k01":["d5ui2g2ka"],"u94e4dz03":["o6vajjuw5"],"ob86s3r0f":["g7m9yijq7"],"kx8rvxyf0":["u5bp5bsrn"],"ppi6iekmu":["8oquoyz8q"]}},{"id":"gv1uf2add","name":"Swartzia eriocarpa","description":"Caracterizada por seus frutos densamente pilosos ('eriocarpa' significa fruto lanoso). Folhas compostas e flores amarelas.","imageUrl":"https://picsum.photos/seed/Swartzia%20eriocarpa/400/300","traits":{"0sqgcua5g":["9x22x0yb4"],"6tf83qcsx":["65fu386bv"],"jbcjd7l63":["jugfml33q"],"e50sp2k01":["d5ui2g2ka"],"u94e4dz03":["civc0k03c"],"ob86s3r0f":["jhlogk774"],"kx8rvxyf0":["8y5t0392z"],"ppi6iekmu":["9y7rvcvzo"]}},{"id":"vsg4kmi0a","name":"Swartzia psilocarpa","description":"Espécie com frutos glabros ('psilocarpa' significa fruto liso). Folhas unifolioladas e inflorescências curtas. Pétala estândarte presente, amarela.","imageUrl":"https://picsum.photos/seed/Swartzia%20psilocarpa/400/300","traits":{"0sqgcua5g":["q3pkara81"],"6tf83qcsx":["cwbi5783d"],"jbcjd7l63":["jugfml33q"],"e50sp2k01":["2iyes4pur"],"u94e4dz03":["civc0k03c"],"ob86s3r0f":["jhlogk774"],"kx8rvxyf0":["8y5t0392z"],"ppi6iekmu":["78kgy21v3"]}},{"id":"5v0oedk7v","name":"Swartzia parviflora","description":"Pequena árvore ou arbusto com flores pequenas. Folhas compostas com 2-3 folíolos e ovário glabro. Frutos alongados.","imageUrl":"https://picsum.photos/seed/Swartzia%20parviflora/400/300","traits":{"0sqgcua5g":["9x22x0yb4"],"6tf83qcsx":["gl6ny259l"],"jbcjd7l63":["jugfml33q"],"e50sp2k01":["2iyes4pur"],"u94e4dz03":["civc0k03c"],"ob86s3r0f":["g7m9yijq7"],"kx8rvxyf0":["8y5t0392z"],"ppi6iekmu":["78kgy21v3"]}},{"id":"383hh3hmx","name":"Swartzia flaemingiana","description":"Espécie com folhas compostas e folíolos elípticos a ovados. Inflorescências em panículas terminais. Pétala estândarte presente, amarela.","imageUrl":"https://picsum.photos/seed/Swartzia%20flaemingiana/400/300","traits":{"0sqgcua5g":["9x22x0yb4"],"6tf83qcsx":["65fu386bv"],"jbcjd7l63":["jugfml33q"],"e50sp2k01":["d5ui2g2ka"],"u94e4dz03":["o6vajjuw5"],"ob86s3r0f":["jhlogk774"],"kx8rvxyf0":["8y5t0392z"],"ppi6iekmu":["8oquoyz8q"]}},{"id":"5za8ay09v","name":"Swartzia multijuga","description":"Caracterizada por ter muitas (multijuga) pares de folíolos nas folhas compostas. Ramos jovens pubescentes e ovário piloso.","imageUrl":"https://picsum.photos/seed/Swartzia%20multijuga/400/300","traits":{"0sqgcua5g":["9x22x0yb4"],"6tf83qcsx":["eynp0gi2z"],"jbcjd7l63":["jugfml33q"],"e50sp2k01":["d5ui2g2ka"],"u94e4dz03":["civc0k03c"],"ob86s3r0f":["g7m9yijq7"],"kx8rvxyf0":["u5bp5bsrn"],"ppi6iekmu":["8oquoyz8q"]}},{"id":"8r0u2vx5t","name":"Swartzia inophylla","description":"Espécie com folhas coriáceas. Ramos jovens glabros. Flores com pétala estândarte ausente e ovário glabro.","imageUrl":"https://picsum.photos/seed/Swartzia%20inophylla/400/300","traits":{"0sqgcua5g":["9x22x0yb4"],"6tf83qcsx":["gl6ny259l"],"jbcjd7l63":["bi1wlgt0w"],"e50sp2k01":["2iyes4pur"],"u94e4dz03":["6bybbzq5h"],"ob86s3r0f":["g7m9yijq7"],"kx8rvxyf0":["8y5t0392z"],"ppi6iekmu":["78kgy21v3"]}},{"id":"jiwkdno5h","name":"Swartzia schomburgkii","description":"Árvore de grande porte, com folhas compostas e folíolos grandes. Pétala estândarte presente, amarela, e ramos jovens pubescentes.","imageUrl":"https://picsum.photos/seed/Swartzia%20schomburgkii/400/300","traits":{"0sqgcua5g":["9x22x0yb4"],"6tf83qcsx":["65fu386bv"],"jbcjd7l63":["jugfml33q"],"e50sp2k01":["d5ui2g2ka"],"u94e4dz03":["o6vajjuw5"],"ob86s3r0f":["g7m9yijq7"],"kx8rvxyf0":["u5bp5bsrn"],"ppi6iekmu":["8oquoyz8q"]}},{"id":"md0gcdx6i","name":"Swartzia sericea","description":"Caracterizada pelo indumento seríceo em diversas partes da planta, especialmente nas folhas e ramos jovens. Pétala estândarte presente, amarela.","imageUrl":"https://picsum.photos/seed/Swartzia%20sericea/400/300","traits":{"0sqgcua5g":["9x22x0yb4"],"6tf83qcsx":["65fu386bv"],"jbcjd7l63":["jugfml33q"],"e50sp2k01":["d5ui2g2ka"],"u94e4dz03":["civc0k03c"],"ob86s3r0f":["jhlogk774"],"kx8rvxyf0":["8y5t0392z"],"ppi6iekmu":["9y7rvcvzo"]}},{"id":"40w9ltqjb","name":"Swartzia pilulifera","description":"Pequena árvore com folhas unifolioladas ou com poucos folíolos. Ramos jovens pubescentes e ovário piloso. Inflorescências curtas.","imageUrl":"https://picsum.photos/seed/Swartzia%20pilulifera/400/300","traits":{"0sqgcua5g":["q3pkara81"],"6tf83qcsx":["cwbi5783d"],"jbcjd7l63":["jugfml33q"],"e50sp2k01":["d5ui2g2ka"],"u94e4dz03":["civc0k03c"],"ob86s3r0f":["jhlogk774"],"kx8rvxyf0":["8y5t0392z"],"ppi6iekmu":["8oquoyz8q"]}},{"id":"5l849jsuh","name":"Swartzia amazonica","description":"Embora o nome sugira a Amazônia, algumas ocorrências podem estar na transição para a Mata Atlântica. Folhas compostas, flores com pétala estândarte branca/creme.","imageUrl":"https://picsum.photos/seed/Swartzia%20amazonica/400/300","traits":{"0sqgcua5g":["9x22x0yb4"],"6tf83qcsx":["65fu386bv"],"jbcjd7l63":["1yosxohvk"],"e50sp2k01":["2iyes4pur"],"u94e4dz03":["6bybbzq5h"],"ob86s3r0f":["g7m9yijq7"],"kx8rvxyf0":["u5bp5bsrn"],"ppi6iekmu":["78kgy21v3"]}},{"id":"ckaae9473","name":"Swartzia leptopetala","description":"Pequena árvore com pétalas delicadas e finas. Folhas unifolioladas ou com poucos folíolos e ovário piloso. Frutos alongados.","imageUrl":"https://picsum.photos/seed/Swartzia%20leptopetala/400/300","traits":{"0sqgcua5g":["q3pkara81"],"6tf83qcsx":["cwbi5783d"],"jbcjd7l63":["jugfml33q"],"e50sp2k01":["d5ui2g2ka"],"u94e4dz03":["civc0k03c"],"ob86s3r0f":["g7m9yijq7"],"kx8rvxyf0":["8y5t0392z"],"ppi6iekmu":["8oquoyz8q"]}},{"id":"y5x4pvor2","name":"Swartzia pauciflora","description":"Arbusto com poucas flores ('pauciflora') nas inflorescências. Folhas compostas com 2-3 folíolos e ovário glabro. Frutos globosos.","imageUrl":"https://picsum.photos/seed/Swartzia%20pauciflora/400/300","traits":{"0sqgcua5g":["9x22x0yb4"],"6tf83qcsx":["gl6ny259l"],"jbcjd7l63":["jugfml33q"],"e50sp2k01":["2iyes4pur"],"u94e4dz03":["civc0k03c"],"ob86s3r0f":["jhlogk774"],"kx8rvxyf0":["u5bp5bsrn"],"ppi6iekmu":["78kgy21v3"]}},{"id":"s3mcll4hw","name":"Swartzia parvifolia","description":"Caracterizada por folíolos pequenos. Folhas compostas com 4-7 folíolos e ramos jovens glabros. Pétala estândarte presente, amarela.","imageUrl":"https://picsum.photos/seed/Swartzia%20parvifolia/400/300","traits":{"0sqgcua5g":["9x22x0yb4"],"6tf83qcsx":["65fu386bv"],"jbcjd7l63":["jugfml33q"],"e50sp2k01":["2iyes4pur"],"u94e4dz03":["6bybbzq5h"],"ob86s3r0f":["ui4qzvkkh"],"kx8rvxyf0":["8y5t0392z"],"ppi6iekmu":["78kgy21v3"]}},{"id":"m4hp6p5lw","name":"Swartzia oblata","description":"Árvore de porte médio, com folíolos de forma oblatada. Ramos jovens pubescentes e ovário piloso. Flores amarelas.","imageUrl":"https://picsum.photos/seed/Swartzia%20oblata/400/300","traits":{"0sqgcua5g":["9x22x0yb4"],"6tf83qcsx":["gl6ny259l"],"jbcjd7l63":["jugfml33q"],"e50sp2k01":["d5ui2g2ka"],"u94e4dz03":["civc0k03c"],"ob86s3r0f":["g7m9yijq7"],"kx8rvxyf0":["8y5t0392z"],"ppi6iekmu":["8oquoyz8q"]}},{"id":"aiiiapm4h","name":"Swartzia laevicarpa","description":"Distinta por seus frutos lisos ('laevicarpa'). Folhas unifolioladas ou compostas. Pétala estândarte presente, amarela, e ovário glabro.","imageUrl":"https://picsum.photos/seed/Swartzia%20laevicarpa/400/300","traits":{"0sqgcua5g":["q3pkara81"],"6tf83qcsx":["cwbi5783d"],"jbcjd7l63":["jugfml33q"],"e50sp2k01":["2iyes4pur"],"u94e4dz03":["civc0k03c"],"ob86s3r0f":["g7m9yijq7"],"kx8rvxyf0":["8y5t0392z"],"ppi6iekmu":["78kgy21v3"]}}]}