{"id":"fd3megklq","name":"Chave de Identificação para Achariaceae no Brasil","description":"Esta chave interativa foi desenvolvida para auxiliar estudantes e entusiastas na identificação de sete espécies representativas da família Achariaceae ocorrentes no Brasil. A família Achariaceae inclui árvores e arbustos com diversas características morfológicas, e esta chave utiliza um balanço de características vegetativas e reprodutivas para facilitar a distinção entre as espécies.","features":[{"id":"3z7acibqm","name":"Filotaxia","imageUrl":"https://i.pinimg.com/736x/1d/44/6f/1d446f9a989f47087ff85b99f42e7e4d.jpg","states":[{"id":"apopnr6u5","label":"Alterna-espiralada"},{"id":"saohr4yye","label":"Dística"}]},{"id":"tcd5sbcyi","name":"Margem Foliar","imageUrl":"https://img.freepik.com/vetores-premium/margem-da-folha-inteira-dentada-crenada-serrilhada-sinuosa_953175-152.jpg","states":[{"id":"6y5khncuh","label":"Inteira"},{"id":"p93iinh8v","label":"Serrilhada ou Crenada"}]},{"id":"is32uxlp8","name":"Presença de Estípulas","imageUrl":"https://www.ugr.es/~mcasares/Im%E1genes/Est%EDpulas.jpg","states":[{"id":"au2qoj97e","label":"Presentes e persistentes"},{"id":"vh5xzx89e","label":"Presentes e caducas"},{"id":"a6zr7qxyz","label":"Ausentes ou inconspícuas"}]},{"id":"d4zqqu6h2","name":"Tipo de Inflorescência","imageUrl":"https://upload.wikimedia.org/wikipedia/commons/thumb/d/d4/Inflorescence_types.svg/500px-Inflorescence_types.svg.png","states":[{"id":"cpilmkpsp","label":"Fascículos ou glomérulos axilares"},{"id":"l88076gl6","label":"Racemos ou panículas"},{"id":"n1wdkoetv","label":"Flores solitárias axilares"}]},{"id":"irr63viau","name":"Indumento de Ramos Jovens","imageUrl":"https://upload.wikimedia.org/wikipedia/commons/8/87/Trichomes_magnified.jpg","states":[{"id":"mgz1uejew","label":"Glabro (sem pelos)"},{"id":"7a4es8glt","label":"Pubescente a tomentoso (com pelos)"}]},{"id":"k439ng9jm","name":"Pontuações Translúcidas nas Folhas","imageUrl":"https://upload.wikimedia.org/wikipedia/commons/a/a9/Citrus_leaf_with_oil_glands.jpg","states":[{"id":"ao1hr9kyb","label":"Presente"},{"id":"3i5hkm523","label":"Ausente"}]},{"id":"48c4c2ajj","name":"Forma do Fruto","imageUrl":"https://upload.wikimedia.org/wikipedia/commons/thumb/1/1f/Fruit_types.svg/500px-Fruit_types.svg.png","states":[{"id":"a9iz7j902","label":"Cápsula globosa ou elipsoide (sem alas/carinas)"},{"id":"dfc6x0uzc","label":"Cápsula trilobada ou alada/carinada"},{"id":"slrzfdvp0","label":"Baga"}]},{"id":"9gkt00v6m","name":"Presença de Pétalas","imageUrl":"https://upload.wikimedia.org/wikipedia/commons/thumb/d/df/Flower_morphology_diagram.svg/500px-Flower_morphology_diagram.svg.png","states":[{"id":"3q6e1n6hm","label":"Presente (Flores com pétalas)"},{"id":"0kcjf0dur","label":"Ausente (Flores apétalas)"}]}],"entities":[{"id":"oka9iswlt","name":"Casearia sylvestris Sw.","description":"Árvore ou arbusto comum, conhecido popularmente como \"erva-de-bugre\". Amplamente distribuída no Brasil, em diversos biomas. Folhas com pontuações translúcidas e margens serrilhadas. Flores esverdeadas em fascículos axilares. Frutos capsulares globosos.","imageUrl":"https://encrypted-tbn0.gstatic.com/images?q=tbn:ANd9GcSKGNtA84duNLBH1mRheTgwcw0oZgdk106Z4MNTDwhyqcot1aBDO_v8uY8YdQBiYFW4D5zYcFRuKP2zbwiv6GITPsC91wC2gToNdeEhdMl3CQ&s=10","links":[{"id":"ug1y0t57r","label":"Flora e Funga do Brasil","url":"https://floradobrasil.jbrj.gov.br/FB17622"},{"id":"5efegokit","label":"Wikipedia (Português)","url":"https://pt.wikipedia.org/wiki/Casearia_sylvestris"}],"traits":{"3z7acibqm":["apopnr6u5"],"tcd5sbcyi":["p93iinh8v"],"is32uxlp8":["vh5xzx89e"],"d4zqqu6h2":["cpilmkpsp"],"irr63viau":["mgz1uejew"],"k439ng9jm":["ao1hr9kyb"],"48c4c2ajj":["a9iz7j902"],"9gkt00v6m":["0kcjf0dur"]}},{"id":"f3k6nkyof","name":"Casearia decandra Jacq.","description":"Árvore de porte médio, encontrada na Mata Atlântica e outros biomas. Apresenta folhas com pontuações translúcidas, geralmente maiores que C. sylvestris, e margens inteiras ou levemente crenadas. Inflorescências em fascículos axilares densos.","imageUrl":"https://floradigital.ufsc.br/imagens/113577be9d9008897443ad4e3286c9df9bc.JPG","links":[{"id":"vvqmmcljx","label":"Flora e Funga do Brasil","url":"https://floradobrasil.jbrj.gov.br/FB17604"},{"id":"gyg83nwky","label":"GBIF","url":"https://www.gbif.org/species/5330364"}],"traits":{"3z7acibqm":["apopnr6u5"],"tcd5sbcyi":["6y5khncuh"],"is32uxlp8":["vh5xzx89e"],"d4zqqu6h2":["cpilmkpsp"],"irr63viau":["mgz1uejew"],"k439ng9jm":["ao1hr9kyb"],"48c4c2ajj":["a9iz7j902"],"9gkt00v6m":["0kcjf0dur"]}},{"id":"up1bihumw","name":"Casearia grandiflora Cambess.","description":"Espécie arbórea que pode atingir grande porte, com folhas notavelmente grandes e pecíolos robustos. Característica pela sua inflorescência robusta e frutos capsulares. Presente principalmente na Mata Atlântica.","imageUrl":"https://www.arvoresdobiomacerrado.com.br/site/wp-content/uploads/2017/09/3-26.jpg","links":[{"id":"2v2aldjru","label":"Flora e Funga do Brasil","url":"https://floradobrasil.jbrj.gov.br/FB17607"},{"id":"5n39n5n5g","label":"GBIF","url":"https://www.gbif.org/species/5330366"}],"traits":{"3z7acibqm":["apopnr6u5"],"tcd5sbcyi":["p93iinh8v"],"is32uxlp8":["vh5xzx89e"],"d4zqqu6h2":["cpilmkpsp"],"irr63viau":["mgz1uejew"],"k439ng9jm":["ao1hr9kyb"],"48c4c2ajj":["a9iz7j902"],"9gkt00v6m":["0kcjf0dur"]}},{"id":"qgrg6hpqq","name":"Carpotroche brasiliensis (Raddi) Endl.","description":"Árvore de médio porte, nativa da Mata Atlântica e Amazônia, conhecida pelo óleo de suas sementes. Folhas grandes, simples e inflorescências axilares. Frutos capsulares grandes, muitas vezes lobados ou com sulcos, amadurecem no tronco.","imageUrl":"https://encrypted-tbn0.gstatic.com/images?q=tbn:ANd9GcQvbA-yxNRIYjHcFzY28al6XoGt1eF-UX8IXA&s","links":[{"id":"3m12ku2gb","label":"Flora e Funga do Brasil","url":"https://floradobrasil.jbrj.gov.br/FB17597"},{"id":"v45k97wln","label":"Wikipedia (Português)","url":"https://pt.wikipedia.org/wiki/Carpotroche_brasiliensis"}],"traits":{"3z7acibqm":["apopnr6u5"],"tcd5sbcyi":["6y5khncuh"],"is32uxlp8":["vh5xzx89e"],"d4zqqu6h2":["cpilmkpsp"],"irr63viau":["7a4es8glt"],"k439ng9jm":["3i5hkm523"],"48c4c2ajj":["dfc6x0uzc"],"9gkt00v6m":["3q6e1n6hm"]}},{"id":"ant9xxlqh","name":"Mayna grandifolia (Mart. ex Eichler) R.E.Schult.","description":"Pequena árvore ou arbusto da Amazônia, com folhas grandes e ovais. Flores em racemos ou panículas terminais e axilares. Fruto do tipo baga, arredondado e carnoso. As estípulas são geralmente conspícuas e persistentes em espécies de Mayna.","imageUrl":"https://fm-digital-assets.fieldmuseum.org/1774/734/ACHA_Mayna_grandifolia_per_IHua0543_c2.jpg","links":[{"id":"0j34eziwl","label":"Flora e Funga do Brasil","url":"https://floradobrasil.jbrj.gov.br/FB17616"},{"id":"sz3qn0lmj","label":"GBIF","url":"https://www.gbif.org/species/5330386"}],"traits":{"3z7acibqm":["apopnr6u5"],"tcd5sbcyi":["6y5khncuh"],"is32uxlp8":["au2qoj97e"],"d4zqqu6h2":["l88076gl6"],"irr63viau":["7a4es8glt"],"k439ng9jm":["3i5hkm523"],"48c4c2ajj":["slrzfdvp0"],"9gkt00v6m":["3q6e1n6hm"]}},{"id":"m5ls57h3u","name":"Kuhlmanniodendron macrocarpum F.C.Hoehne","description":"Árvore grande e imponente, endêmica do Brasil (Mata Atlântica), com folhas coriáceas e flores grandes em racemos. Seus frutos são cápsulas grandes, lenhosas e elipsoides, sem alas ou carinas distintivas. Ausência de estípulas conspícuas.","imageUrl":"https://inaturalist-open-data.s3.amazonaws.com/photos/89223625/medium.jpg","links":[{"id":"qpy4aibge","label":"Flora e Funga do Brasil","url":"https://floradobrasil.jbrj.gov.br/FB17614"},{"id":"8qqch4fk9","label":"GBIF","url":"https://www.gbif.org/species/5330378"}],"traits":{"3z7acibqm":["apopnr6u5"],"tcd5sbcyi":["6y5khncuh"],"is32uxlp8":["a6zr7qxyz"],"d4zqqu6h2":["l88076gl6"],"irr63viau":["mgz1uejew"],"k439ng9jm":["3i5hkm523"],"48c4c2ajj":["a9iz7j902"],"9gkt00v6m":["3q6e1n6hm"]}},{"id":"tg39ttr6f","name":"Homalium racemosum Jacq.","description":"Árvore ou arbusto presente em diversas formações florestais no Brasil. Possui folhas com filotaxia dística, margem serrilhada e inflorescências em racemos longos, frequentemente terminais. Flores pequenas com pétalas presentes. Frutos são cápsulas pequenas.","imageUrl":"https://tropical.theferns.info/plantimages/sized/0/d/0d04ea1fc049b21f707362799197a0c312567124_480px.jpg","links":[{"id":"tm0oa0jau","label":"Flora e Funga do Brasil","url":"https://floradobrasil.jbrj.gov.br/FB17612"},{"id":"5lske8n86","label":"GBIF","url":"https://www.gbif.org/species/5330373"}],"traits":{"3z7acibqm":["saohr4yye"],"tcd5sbcyi":["p93iinh8v"],"is32uxlp8":["vh5xzx89e"],"d4zqqu6h2":["l88076gl6"],"irr63viau":["mgz1uejew"],"k439ng9jm":["3i5hkm523"],"48c4c2ajj":["a9iz7j902"],"9gkt00v6m":["3q6e1n6hm"]}}]}