{"id":"xb0srfo1y","name":"Identification Key for Arboreal Machaerium of Rio de Janeiro, Mata Atlântica","description":"An interactive identification key for 15 arboreal species of the genus Machaerium (Fabaceae) found in the Mata Atlântica biome within the state of Rio de Janeiro, Brazil. This key focuses on distinctive morphological features of the stems, leaves, and fruits.","features":[{"id":"wsf6sxe99","name":"Stem Armature","imageUrl":"","states":[{"id":"pa9takbwz","label":"Armed with spines/prickles"},{"id":"ay57jtomr","label":"Unarmed"}]},{"id":"8x0p6zxld","name":"Number of Leaflets per Leaf","imageUrl":"","states":[{"id":"e4yfdfqfn","label":"Few (3-7)"},{"id":"lledp5lj4","label":"Medium (9-15)"},{"id":"1w66u4deb","label":"Many (>15)"}]},{"id":"lu0myfvu4","name":"Leaflet Apex","imageUrl":"","states":[{"id":"ojaul9jsh","label":"Acuminate to Acute"},{"id":"7l3x0exat","label":"Emarginate to Retuse"},{"id":"uusnj6bg6","label":"Obtuse to Rounded"}]},{"id":"d0vuircrm","name":"Samara Wing Shape","imageUrl":"","states":[{"id":"hrp0nlai6","label":"Orbicular to suborbicular"},{"id":"65a79hmgh","label":"Falcate to oblong"},{"id":"b2hi3ljsk","label":"Lanceolate to narrowly elliptic"}]},{"id":"cz1wjrry0","name":"Indumentum of Young Branches/Leaves","imageUrl":"","states":[{"id":"9ru6rdz70","label":"Glabrous to sparsely puberulent"},{"id":"vmez3ylmt","label":"Densely pubescent to sericeous"}]}],"entities":[{"id":"ags9n8no9","name":"Machaerium aculeatum Raddi","description":"A spiny tree, often found in disturbed areas and forest edges, characterized by numerous leaflets and falcate fruits.","imageUrl":"https://bs.plantnet.org/image/o/61317fe42b18601c0454ecdc800ae8cc58192dc0","traits":{"wsf6sxe99":["pa9takbwz"],"8x0p6zxld":["1w66u4deb"],"lu0myfvu4":["ojaul9jsh"],"d0vuircrm":["65a79hmgh"],"cz1wjrry0":["9ru6rdz70"]}},{"id":"4ppddcuwb","name":"Machaerium nyctitans (Vell.) Benth.","description":"Known as 'Jacarandá-branco', an unarmed tree with relatively few leaflets, distinctive emarginate leaflet apex, and orbicular fruits.","imageUrl":"https://floradigital.ufsc.br/imagens/860b716879948432536c7ef29a9f8afaca.jpg","traits":{"wsf6sxe99":["pa9takbwz"],"8x0p6zxld":["e4yfdfqfn"],"lu0myfvu4":["7l3x0exat"],"d0vuircrm":["hrp0nlai6"],"cz1wjrry0":["9ru6rdz70"]}},{"id":"wok2pkr39","name":"Machaerium villosum Vog.","description":"A robust, unarmed tree distinguished by its densely pubescent young branches and leaves, numerous leaflets, and falcate fruits.","imageUrl":"https://picsum.photos/seed/Machaerium%20villosum%20Vog./400/300","traits":{"wsf6sxe99":["ay57jtomr"],"8x0p6zxld":["1w66u4deb"],"lu0myfvu4":["ojaul9jsh"],"d0vuircrm":["65a79hmgh"],"cz1wjrry0":["vmez3ylmt"]}},{"id":"ch0t9gd5r","name":"Machaerium hirtum Vog.","description":"An unarmed tree with noticeable pubescence on young parts, medium number of leaflets, and falcate samaras.","imageUrl":"https://picsum.photos/seed/Machaerium%20hirtum%20Vog./400/300","traits":{"wsf6sxe99":["ay57jtomr"],"8x0p6zxld":["lledp5lj4"],"lu0myfvu4":["ojaul9jsh"],"d0vuircrm":["65a79hmgh"],"cz1wjrry0":["vmez3ylmt"]}},{"id":"4nosmnkre","name":"Machaerium brasiliense Vog.","description":"A common unarmed species with few, acuminate leaflets and orbicular fruits, generally glabrous.","imageUrl":"https://picsum.photos/seed/Machaerium%20brasiliense%20Vog./400/300","traits":{"wsf6sxe99":["ay57jtomr"],"8x0p6zxld":["e4yfdfqfn"],"lu0myfvu4":["ojaul9jsh"],"d0vuircrm":["hrp0nlai6"],"cz1wjrry0":["9ru6rdz70"]}},{"id":"2asfar2s2","name":"Machaerium microphyllum (Vell.) Macbr.","description":"An unarmed tree characterized by many small leaflets with obtuse to rounded apices, and narrowly elliptic samaras.","imageUrl":"https://picsum.photos/seed/Machaerium%20microphyllum%20(Vell.)%20Macbr./400/300","traits":{"wsf6sxe99":["ay57jtomr"],"8x0p6zxld":["1w66u4deb"],"lu0myfvu4":["uusnj6bg6"],"d0vuircrm":["b2hi3ljsk"],"cz1wjrry0":["9ru6rdz70"]}},{"id":"42t918vk6","name":"Machaerium macrophyllum Glaz.","description":"Distinguished by its large leaflets, few in number per leaf, with acuminate apices and falcate fruits.","imageUrl":"https://picsum.photos/seed/Machaerium%20macrophyllum%20Glaz./400/300","traits":{"wsf6sxe99":["ay57jtomr"],"8x0p6zxld":["e4yfdfqfn"],"lu0myfvu4":["ojaul9jsh"],"d0vuircrm":["65a79hmgh"],"cz1wjrry0":["9ru6rdz70"]}},{"id":"q7vmmxu66","name":"Machaerium scleroxylon Tul.","description":"Known as 'Caviúna', a commercially important unarmed timber tree with medium leaflets and falcate samaras, typically glabrous.","imageUrl":"https://picsum.photos/seed/Machaerium%20scleroxylon%20Tul./400/300","traits":{"wsf6sxe99":["ay57jtomr"],"8x0p6zxld":["lledp5lj4"],"lu0myfvu4":["ojaul9jsh"],"d0vuircrm":["65a79hmgh"],"cz1wjrry0":["9ru6rdz70"]}},{"id":"ko7f2ga1z","name":"Machaerium uncinatum (Vell.) Benth.","description":"A spiny species with medium-sized leaflets and falcate fruits. The specific epithet 'uncinatum' refers to hooked features, often spines.","imageUrl":"https://picsum.photos/seed/Machaerium%20uncinatum%20(Vell.)%20Benth./400/300","traits":{"wsf6sxe99":["pa9takbwz"],"8x0p6zxld":["lledp5lj4"],"lu0myfvu4":["ojaul9jsh"],"d0vuircrm":["65a79hmgh"],"cz1wjrry0":["9ru6rdz70"]}},{"id":"hthdxxfmf","name":"Machaerium pedicellatum Tul.","description":"An unarmed tree with medium leaflet count, acuminate apices, and notably lanceolate to narrowly elliptic samaras.","imageUrl":"https://picsum.photos/seed/Machaerium%20pedicellatum%20Tul./400/300","traits":{"wsf6sxe99":["ay57jtomr"],"8x0p6zxld":["lledp5lj4"],"lu0myfvu4":["ojaul9jsh"],"d0vuircrm":["b2hi3ljsk"],"cz1wjrry0":["9ru6rdz70"]}},{"id":"b62uuw1go","name":"Machaerium campylothyrsum Hoehne","description":"An unarmed tree with medium leaflets and distinctive orbicular fruits, often found in humid environments.","imageUrl":"https://picsum.photos/seed/Machaerium%20campylothyrsum%20Hoehne/400/300","traits":{"wsf6sxe99":["ay57jtomr"],"8x0p6zxld":["lledp5lj4"],"lu0myfvu4":["ojaul9jsh"],"d0vuircrm":["hrp0nlai6"],"cz1wjrry0":["9ru6rdz70"]}},{"id":"wmkt314qo","name":"Machaerium lunatum (L.f.) Ducke","description":"A spiny species often found in riparian or mangrove-associated habitats, with few leaflets and emarginate apices, producing orbicular fruits.","imageUrl":"https://picsum.photos/seed/Machaerium%20lunatum%20(L.f.)%20Ducke/400/300","traits":{"wsf6sxe99":["pa9takbwz"],"8x0p6zxld":["e4yfdfqfn"],"lu0myfvu4":["7l3x0exat"],"d0vuircrm":["hrp0nlai6"],"cz1wjrry0":["9ru6rdz70"]}},{"id":"k4fgr16tl","name":"Machaerium punctatum Pers.","description":"An unarmed tree with many leaflets and acuminate apices, characterized by falcate samaras and often punctate (dotted) leaves.","imageUrl":"https://picsum.photos/seed/Machaerium%20punctatum%20Pers./400/300","traits":{"wsf6sxe99":["ay57jtomr"],"8x0p6zxld":["1w66u4deb"],"lu0myfvu4":["ojaul9jsh"],"d0vuircrm":["65a79hmgh"],"cz1wjrry0":["9ru6rdz70"]}},{"id":"0j724z5rc","name":"Machaerium stipitatum Vog.","description":"An unarmed tree species with a medium number of acuminate leaflets and falcate samaras, often recognized by its stipitate (stalked) inflorescences.","imageUrl":"https://picsum.photos/seed/Machaerium%20stipitatum%20Vog./400/300","traits":{"wsf6sxe99":["ay57jtomr"],"8x0p6zxld":["lledp5lj4"],"lu0myfvu4":["ojaul9jsh"],"d0vuircrm":["65a79hmgh"],"cz1wjrry0":["9ru6rdz70"]}},{"id":"h1lpwvx4g","name":"Machaerium opacum Benth.","description":"An unarmed tree with few to medium leaflets, characteristically obtuse to rounded apices, and orbicular fruits, often with an opaque appearance to the leaves.","imageUrl":"https://picsum.photos/seed/Machaerium%20opacum%20Benth./400/300","traits":{"wsf6sxe99":["ay57jtomr"],"8x0p6zxld":["e4yfdfqfn"],"lu0myfvu4":["uusnj6bg6"],"d0vuircrm":["hrp0nlai6"],"cz1wjrry0":["9ru6rdz70"]}}]}